NComp,Comp_L2Norm,Comp_L3Norm,Comp_L5Norm,Comp_L7Norm,Comp_L10Norm,mean_Number,maxdiff_Number,dev_Number,max_Number,min_Number,most_Number,mean_MendeleevNumber,maxdiff_MendeleevNumber,dev_MendeleevNumber,max_MendeleevNumber,min_MendeleevNumber,most_MendeleevNumber,mean_AtomicWeight,maxdiff_AtomicWeight,dev_AtomicWeight,max_AtomicWeight,min_AtomicWeight,most_AtomicWeight,mean_MeltingT,maxdiff_MeltingT,dev_MeltingT,max_MeltingT,min_MeltingT,most_MeltingT,mean_Column,maxdiff_Column,dev_Column,max_Column,min_Column,most_Column,mean_Row,maxdiff_Row,dev_Row,max_Row,min_Row,most_Row,mean_CovalentRadius,maxdiff_CovalentRadius,dev_CovalentRadius,max_CovalentRadius,min_CovalentRadius,most_CovalentRadius,mean_Electronegativity,maxdiff_Electronegativity,dev_Electronegativity,max_Electronegativity,min_Electronegativity,most_Electronegativity,mean_NsValence,maxdiff_NsValence,dev_NsValence,max_NsValence,min_NsValence,most_NsValence,mean_NpValence,maxdiff_NpValence,dev_NpValence,max_NpValence,min_NpValence,most_NpValence,mean_NdValence,maxdiff_NdValence,dev_NdValence,max_NdValence,min_NdValence,most_NdValence,mean_NfValence,maxdiff_NfValence,dev_NfValence,max_NfValence,min_NfValence,most_NfValence,mean_NValance,maxdiff_NValance,dev_NValance,max_NValance,min_NValance,most_NValance,mean_NsUnfilled,maxdiff_NsUnfilled,dev_NsUnfilled,max_NsUnfilled,min_NsUnfilled,most_NsUnfilled,mean_NpUnfilled,maxdiff_NpUnfilled,dev_NpUnfilled,max_NpUnfilled,min_NpUnfilled,most_NpUnfilled,mean_NdUnfilled,maxdiff_NdUnfilled,dev_NdUnfilled,max_NdUnfilled,min_NdUnfilled,most_NdUnfilled,mean_NfUnfilled,maxdiff_NfUnfilled,dev_NfUnfilled,max_NfUnfilled,min_NfUnfilled,most_NfUnfilled,mean_NUnfilled,maxdiff_NUnfilled,dev_NUnfilled,max_NUnfilled,min_NUnfilled,most_NUnfilled,mean_GSvolume_pa,maxdiff_GSvolume_pa,dev_GSvolume_pa,max_GSvolume_pa,min_GSvolume_pa,most_GSvolume_pa,mean_GSbandgap,maxdiff_GSbandgap,dev_GSbandgap,max_GSbandgap,min_GSbandgap,most_GSbandgap,mean_GSmagmom,maxdiff_GSmagmom,dev_GSmagmom,max_GSmagmom,min_GSmagmom,most_GSmagmom,mean_SpaceGroupNumber,maxdiff_SpaceGroupNumber,dev_SpaceGroupNumber,max_SpaceGroupNumber,min_SpaceGroupNumber,most_SpaceGroupNumber,frac_sValence,frac_pValence,frac_dValence,frac_fValence,CanFormIonic,MaxIonicChar,MeanIonicChar,preference,d210_min,Eform,range,dev_NI
2,0.70710678,0.62996052,0.57434918,0.55204476,0.53588673,29.5,5,2.5,32,27,29.5,68.5,21,10.5,79,58,68.5,65.786598,13.706805,6.8534025,72.64,58.933195,65.786598,1489.7,556.6,278.3,1768,1211.4,1489.7,11.5,5,2.5,14,9,11.5,4,0,0,4,4,4,123,6,3,126,120,123,1.945,0.13,0.065,2.01,1.88,1.945,2,0,0,2,2,2,1,2,1,2,0,1,8.5,3,1.5,10,7,8.5,0,0,0,0,0,0,11.5,5,2.5,14,9,11.5,0,0,0,0,0,0,2,4,2,4,0,2,1.5,3,1.5,3,0,1.5,0,0,0,0,0,0,3.5,1,0.5,4,3,3.5,16.625,12.76,6.38,23.005,10.245,16.625,0.1915,0.383,0.1915,0.383,0,0.1915,0.7742356,1.5484712,0.7742356,1.5484712,0,0.7742356,209.5,31,15.5,225,194,209.5,0.17391304,0.086956522,0.73913043,0,0,0.004216087,0.002108044,1,0.058618281,-0.23102729,0.44516348,0.235
2,0.70710678,0.62996052,0.57434918,0.55204476,0.53588673,30,6,3,33,27,30,71,26,13,84,58,71,66.927398,15.988405,7.9942025,74.9216,58.933195,66.927398,1429,678,339,1768,1090,1429,12,6,3,15,9,12,4,0,0,4,4,4,122.5,7,3.5,126,119,122.5,2.03,0.3,0.15,2.18,1.88,2.03,2,0,0,2,2,2,1.5,3,1.5,3,0,1.5,8.5,3,1.5,10,7,8.5,0,0,0,0,0,0,12,6,3,15,9,12,0,0,0,0,0,0,1.5,3,1.5,3,0,1.5,1.5,3,1.5,3,0,1.5,0,0,0,0,0,0,3,0,0,3,3,3,16.21,11.93,5.965,22.175,10.245,16.21,0,0,0,0,0,0,0.7742356,1.5484712,0.7742356,1.5484712,0,0.7742356,180,28,14,194,166,180,0.16666667,0.125,0.70833333,0,1,0.022248763,0.011124381,1,0.19270266,-0.33041166,0.48717194,0.395
2,0.70710678,0.62996052,0.57434918,0.55204476,0.53588673,38.5,23,11.5,50,27,38.5,69,22,11,80,58,69,88.821598,59.776805,29.888402,118.71,58.933195,88.821598,1136.54,1262.92,631.46,1768,505.08,1136.54,11.5,5,2.5,14,9,11.5,4.5,1,0.5,5,4,4.5,132.5,13,6.5,139,126,132.5,1.92,0.08,0.04,1.96,1.88,1.92,2,0,0,2,2,2,1,2,1,2,0,1,8.5,3,1.5,10,7,8.5,0,0,0,0,0,0,11.5,5,2.5,14,9,11.5,0,0,0,0,0,0,2,4,2,4,0,2,1.5,3,1.5,3,0,1.5,0,0,0,0,0,0,3.5,1,0.5,4,3,3.5,21.765,23.04,11.52,33.285,10.245,21.765,0,0,0,0,0,0,0.7742356,1.5484712,0.7742356,1.5484712,0,0.7742356,167.5,53,26.5,194,141,167.5,0.17391304,0.086956522,0.73913043,0,0,0.001598721,0.00079936,1,0.11109758,-0.16234077,0.21484485,0.46
2,0.70710678,0.62996052,0.57434918,0.55204476,0.53588673,39,24,12,51,27,39,71.5,27,13.5,85,58,71.5,90.346598,62.826805,31.413403,121.76,58.933195,90.346598,1335.89,864.22,432.11,1768,903.78,1335.89,12,6,3,15,9,12,4.5,1,0.5,5,4,4.5,132.5,13,6.5,139,126,132.5,1.965,0.17,0.085,2.05,1.88,1.965,2,0,0,2,2,2,1.5,3,1.5,3,0,1.5,8.5,3,1.5,10,7,8.5,0,0,0,0,0,0,12,6,3,15,9,12,0,0,0,0,0,0,1.5,3,1.5,3,0,1.5,1.5,3,1.5,3,0,1.5,0,0,0,0,0,0,3,0,0,3,3,3,20.9025,21.315,10.6575,31.56,10.245,20.9025,0,0,0,0,0,0,0.7742356,1.5484712,0.7742356,1.5484712,0,0.7742356,180,28,14,194,166,180,0.16666667,0.125,0.70833333,0,1,0.007198962,0.003599481,1,0.2852907,-0.19629874,0.25608183,0.34
2,0.70710678,0.62996052,0.57434918,0.55204476,0.53588673,39.5,25,12.5,52,27,39.5,74,32,16,90,58,74,93.266597,68.666805,34.333403,127.6,58.933195,93.266597,1245.33,1045.34,522.67,1768,722.66,1245.33,12.5,7,3.5,16,9,12.5,4.5,1,0.5,5,4,4.5,132,12,6,138,126,132,1.99,0.22,0.11,2.1,1.88,1.99,2,0,0,2,2,2,2,4,2,4,0,2,8.5,3,1.5,10,7,8.5,0,0,0,0,0,0,12.5,7,3.5,16,9,12.5,0,0,0,0,0,0,1,2,1,2,0,1,1.5,3,1.5,3,0,1.5,0,0,0,0,0,0,2.5,1,0.5,3,2,2.5,22.504167,24.518333,12.259167,34.763333,10.245,22.504167,0.232,0.464,0.232,0.464,0,0.232,0.7742356,1.5484712,0.7742356,1.5484712,0,0.7742356,173,42,21,194,152,173,0.16,0.16,0.68,0,1,0.012027089,0.006013545,1,0.79171942,-0.20389442,0.29739608,0.38
2,0.70710678,0.62996052,0.57434918,0.55204476,0.53588673,53.5,53,26.5,80,27,53.5,64.5,13,6.5,71,58,64.5,129.7616,141.65681,70.828403,200.59,58.933195,129.7616,1001.16,1533.68,766.84,1768,234.32,1001.16,10.5,3,1.5,12,9,10.5,5,2,1,6,4,5,129,6,3,132,126,129,1.94,0.12,0.06,2,1.88,1.94,2,0,0,2,2,2,0,0,0,0,0,0,8.5,3,1.5,10,7,8.5,7,14,7,14,0,7,17.5,17,8.5,26,9,17.5,0,0,0,0,0,0,0,0,0,0,0,0,1.5,3,1.5,3,0,1.5,0,0,0,0,0,0,1.5,3,1.5,3,0,1.5,17.741293,14.992586,7.4962931,25.237586,10.245,17.741293,0,0,0,0,0,0,0.7742356,1.5484712,0.7742356,1.5484712,0,0.7742356,180,28,14,194,166,180,0.11428571,0,0.48571429,0.4,0,0.003593528,0.001796764,0,-0.59227017,0,0,0.295
2,0.70710678,0.62996052,0.57434918,0.55204476,0.53588673,54.5,55,27.5,82,27,54.5,69.5,23,11.5,81,58,69.5,133.0666,148.2668,74.133402,207.2,58.933195,133.0666,1184.305,1167.39,583.695,1768,600.61,1184.305,11.5,5,2.5,14,9,11.5,5,2,1,6,4,5,136,20,10,146,126,136,2.105,0.45,0.225,2.33,1.88,2.105,2,0,0,2,2,2,1,2,1,2,0,1,8.5,3,1.5,10,7,8.5,7,14,7,14,0,7,18.5,19,9.5,28,9,18.5,0,0,0,0,0,0,2,4,2,4,0,2,1.5,3,1.5,3,0,1.5,0,0,0,0,0,0,3.5,1,0.5,4,3,3.5,19.1775,17.865,8.9325,28.11,10.245,19.1775,0,0,0,0,0,0,0.7742356,1.5484712,0.7742356,1.5484712,0,0.7742356,209.5,31,15.5,225,194,209.5,0.10810811,0.054054054,0.45945946,0.37837838,0,0.049364908,0.024682454,1,0.16295326,0,0,0.05
2,0.70710678,0.62996052,0.57434918,0.55204476,0.53588673,55,56,28,83,27,55,72,28,14,86,58,72,133.9568,150.04721,75.023603,208.9804,58.933195,133.9568,1156.2,1223.6,611.8,1768,544.4,1156.2,12,6,3,15,9,12,5,2,1,6,4,5,137,22,11,148,126,137,1.95,0.14,0.07,2.02,1.88,1.95,2,0,0,2,2,2,1.5,3,1.5,3,0,1.5,8.5,3,1.5,10,7,8.5,7,14,7,14,0,7,19,20,10,29,9,19,0,0,0,0,0,0,1.5,3,1.5,3,0,1.5,1.5,3,1.5,3,0,1.5,0,0,0,0,0,0,3,0,0,3,3,3,21.5975,22.705,11.3525,32.95,10.245,21.5975,0,0,0,0,0,0,0.7742356,1.5484712,0.7742356,1.5484712,0,0.7742356,103,182,91,194,12,103,0.10526316,0.078947368,0.44736842,0.36842105,0,0.004888015,0.002444007,1,0.91088579,0,0,0.01
2,0.70710678,0.62996052,0.57434918,0.55204476,0.53588673,30,4,2,32,28,30,70,18,9,79,61,70,65.6667,13.9466,6.9733,72.64,58.6934,65.6667,1469.7,516.6,258.3,1728,1211.4,1469.7,12,4,2,14,10,12,4,0,0,4,4,4,122,4,2,124,120,122,1.96,0.1,0.05,2.01,1.91,1.96,2,0,0,2,2,2,1,2,1,2,0,1,9,2,1,10,8,9,0,0,0,0,0,0,12,4,2,14,10,12,0,0,0,0,0,0,2,4,2,4,0,2,1,2,1,2,0,1,0,0,0,0,0,0,3,2,1,4,2,3,16.6625,12.685,6.3425,23.005,10.32,16.6625,0.1915,0.383,0.1915,0.383,0,0.1915,0.29769735,0.5953947,0.29769735,0.5953947,0,0.29769735,225,0,0,225,225,225,0.16666667,0.083333333,0.75,0,0,0.002496878,0.001248439,0.61,-0.21469356,-0.32497714,0.86469986,0.11
2,0.70710678,0.62996052,0.57434918,0.55204476,0.53588673,30.5,5,2.5,33,28,30.5,72.5,23,11.5,84,61,72.5,66.8075,16.2282,8.1141,74.9216,58.6934,66.8075,1409,638,319,1728,1090,1409,12.5,5,2.5,15,10,12.5,4,0,0,4,4,4,121.5,5,2.5,124,119,121.5,2.045,0.27,0.135,2.18,1.91,2.045,2,0,0,2,2,2,1.5,3,1.5,3,0,1.5,9,2,1,10,8,9,0,0,0,0,0,0,12.5,5,2.5,15,10,12.5,0,0,0,0,0,0,1.5,3,1.5,3,0,1.5,1,2,1,2,0,1,0,0,0,0,0,0,2.5,1,0.5,3,2,2.5,16.2475,11.855,5.9275,22.175,10.32,16.2475,0,0,0,0,0,0,0.29769735,0.5953947,0.29769735,0.5953947,0,0.29769735,195.5,59,29.5,225,166,195.5,0.16,0.12,0.72,0,1,0.018059929,0.009029965,0,-0.97993433,-0.31909783,0.75628501,0.05
2,0.70710678,0.62996052,0.57434918,0.55204476,0.53588673,39,22,11,50,28,39,70.5,19,9.5,80,61,70.5,88.7017,60.0166,30.0083,118.71,58.6934,88.7017,1116.54,1222.92,611.46,1728,505.08,1116.54,12,4,2,14,10,12,4.5,1,0.5,5,4,4.5,131.5,15,7.5,139,124,131.5,1.935,0.05,0.025,1.96,1.91,1.935,2,0,0,2,2,2,1,2,1,2,0,1,9,2,1,10,8,9,0,0,0,0,0,0,12,4,2,14,10,12,0,0,0,0,0,0,2,4,2,4,0,2,1,2,1,2,0,1,0,0,0,0,0,0,3,2,1,4,2,3,21.8025,22.965,11.4825,33.285,10.32,21.8025,0,0,0,0,0,0,0.29769735,0.5953947,0.29769735,0.5953947,0,0.29769735,183,84,42,225,141,183,0.16666667,0.083333333,0.75,0,0,0.000624805,0.000312402,1,0.39984204,-0.31329683,0.68858122,0.115
2,0.70710678,0.62996052,0.57434918,0.55204476,0.53588673,39.5,23,11.5,51,28,39.5,73,24,12,85,61,73,90.2267,63.0666,31.5333,121.76,58.6934,90.2267,1315.89,824.22,412.11,1728,903.78,1315.89,12.5,5,2.5,15,10,12.5,4.5,1,0.5,5,4,4.5,131.5,15,7.5,139,124,131.5,1.98,0.14,0.07,2.05,1.91,1.98,2,0,0,2,2,2,1.5,3,1.5,3,0,1.5,9,2,1,10,8,9,0,0,0,0,0,0,12.5,5,2.5,15,10,12.5,0,0,0,0,0,0,1.5,3,1.5,3,0,1.5,1,2,1,2,0,1,0,0,0,0,0,0,2.5,1,0.5,3,2,2.5,20.94,21.24,10.62,31.56,10.32,20.94,0,0,0,0,0,0,0.29769735,0.5953947,0.29769735,0.5953947,0,0.29769735,195.5,59,29.5,225,166,195.5,0.16,0.12,0.72,0,1,0.004888015,0.002444007,1,0.69263364,-0.28483324,0.56850351,0.005
2,0.70710678,0.62996052,0.57434918,0.55204476,0.53588673,40,24,12,52,28,40,75.5,29,14.5,90,61,75.5,93.1467,68.9066,34.4533,127.6,58.6934,93.1467,1225.33,1005.34,502.67,1728,722.66,1225.33,13,6,3,16,10,13,4.5,1,0.5,5,4,4.5,131,14,7,138,124,131,2.005,0.19,0.095,2.1,1.91,2.005,2,0,0,2,2,2,2,4,2,4,0,2,9,2,1,10,8,9,0,0,0,0,0,0,13,6,3,16,10,13,0,0,0,0,0,0,1,2,1,2,0,1,1,2,1,2,0,1,0,0,0,0,0,0,2,0,0,2,2,2,22.541667,24.443333,12.221667,34.763333,10.32,22.541667,0.232,0.464,0.232,0.464,0,0.232,0.29769735,0.5953947,0.29769735,0.5953947,0,0.29769735,188.5,73,36.5,225,152,188.5,0.15384615,0.15384615,0.69230769,0,1,0.008984397,0.004492199,1,0.66338656,-0.22529981,0.33737796,0.035
2,0.70710678,0.62996052,0.57434918,0.55204476,0.53588673,54,52,26,80,28,54,66,10,5,71,61,66,129.6417,141.8966,70.9483,200.59,58.6934,129.6417,981.16,1493.68,746.84,1728,234.32,981.16,11,2,1,12,10,11,5,2,1,6,4,5,128,8,4,132,124,128,1.955,0.09,0.045,2,1.91,1.955,2,0,0,2,2,2,0,0,0,0,0,0,9,2,1,10,8,9,7,14,7,14,0,7,18,16,8,26,10,18,0,0,0,0,0,0,0,0,0,0,0,0,1,2,1,2,0,1,0,0,0,0,0,0,1,2,1,2,0,1,17.778793,14.917586,7.4587931,25.237586,10.32,17.778793,0,0,0,0,0,0,0.29769735,0.5953947,0.29769735,0.5953947,0,0.29769735,195.5,59,29.5,225,166,195.5,0.11111111,0,0.5,0.38888889,0,0.002022951,0.001011476,1,0.48309083,0,0,0.64
2,0.70710678,0.62996052,0.57434918,0.55204476,0.53588673,55,54,27,82,28,55,71,20,10,81,61,71,132.9467,148.5066,74.2533,207.2,58.6934,132.9467,1164.305,1127.39,563.695,1728,600.61,1164.305,12,4,2,14,10,12,5,2,1,6,4,5,135,22,11,146,124,135,2.12,0.42,0.21,2.33,1.91,2.12,2,0,0,2,2,2,1,2,1,2,0,1,9,2,1,10,8,9,7,14,7,14,0,7,19,18,9,28,10,19,0,0,0,0,0,0,2,4,2,4,0,2,1,2,1,2,0,1,0,0,0,0,0,0,3,2,1,4,2,3,19.215,17.79,8.895,28.11,10.32,19.215,0,0,0,0,0,0,0.29769735,0.5953947,0.29769735,0.5953947,0,0.29769735,225,0,0,225,225,225,0.10526316,0.052631579,0.47368421,0.36842105,0,0.043141733,0.021570867,1,0.18021753,0,0,0.395
2,0.70710678,0.62996052,0.57434918,0.55204476,0.53588673,55.5,55,27.5,83,28,55.5,73.5,25,12.5,86,61,73.5,133.8369,150.287,75.1435,208.9804,58.6934,133.8369,1136.2,1183.6,591.8,1728,544.4,1136.2,12.5,5,2.5,15,10,12.5,5,2,1,6,4,5,136,24,12,148,124,136,1.965,0.11,0.055,2.02,1.91,1.965,2,0,0,2,2,2,1.5,3,1.5,3,0,1.5,9,2,1,10,8,9,7,14,7,14,0,7,19.5,19,9.5,29,10,19.5,0,0,0,0,0,0,1.5,3,1.5,3,0,1.5,1,2,1,2,0,1,0,0,0,0,0,0,2.5,1,0.5,3,2,2.5,21.635,22.63,11.315,32.95,10.32,21.635,0,0,0,0,0,0,0.29769735,0.5953947,0.29769735,0.5953947,0,0.29769735,118.5,213,106.5,225,12,118.5,0.1025641,0.076923077,0.46153846,0.35897436,0,0.003020429,0.001510215,1,0.54583925,-0.059689885,0.088963072,0.335
2,0.70710678,0.62996052,0.57434918,0.55204476,0.53588673,30.5,3,1.5,32,29,30.5,71.5,15,7.5,79,64,71.5,68.093,9.094,4.547,72.64,63.546,68.093,1284.585,146.37,73.185,1357.77,1211.4,1284.585,12.5,3,1.5,14,11,12.5,4,0,0,4,4,4,126,12,6,132,120,126,1.955,0.11,0.055,2.01,1.9,1.955,1.5,1,0.5,2,1,1.5,1,2,1,2,0,1,10,0,0,10,10,10,0,0,0,0,0,0,12.5,3,1.5,14,11,12.5,0.5,1,0.5,1,0,0.5,2,4,2,4,0,2,0,0,0,0,0,0,0,0,0,0,0,0,2.5,3,1.5,4,1,2.5,17.0375,11.935,5.9675,23.005,11.07,17.0375,0.1915,0.383,0.1915,0.383,0,0.1915,0,0,0,0,0,0,225,0,0,225,225,225,0.12,0.08,0.8,0,0,0.003020429,0.001510215,0,-0.043864981,-0.009465075,0.03556596,0.38
2,0.70710678,0.62996052,0.57434918,0.55204476,0.53588673,31,4,2,33,29,31,74,20,10,84,64,74,69.2338,11.3756,5.6878,74.9216,63.546,69.2338,1223.885,267.77,133.885,1357.77,1090,1223.885,13,4,2,15,11,13,4,0,0,4,4,4,125.5,13,6.5,132,119,125.5,2.04,0.28,0.14,2.18,1.9,2.04,1.5,1,0.5,2,1,1.5,1.5,3,1.5,3,0,1.5,10,0,0,10,10,10,0,0,0,0,0,0,13,4,2,15,11,13,0.5,1,0.5,1,0,0.5,1.5,3,1.5,3,0,1.5,0,0,0,0,0,0,0,0,0,0,0,0,2,2,1,3,1,2,16.6225,11.105,5.5525,22.175,11.07,16.6225,0,0,0,0,0,0,0,0,0,0,0,0,195.5,59,29.5,225,166,195.5,0.11538462,0.11538462,0.76923077,0,0,0.019409169,0.009704584,1,0.093793838,0,0,0.54
2,0.70710678,0.62996052,0.57434918,0.55204476,0.53588673,39.5,21,10.5,50,29,39.5,72,16,8,80,64,72,91.128,55.164,27.582,118.71,63.546,91.128,931.425,852.69,426.345,1357.77,505.08,931.425,12.5,3,1.5,14,11,12.5,4.5,1,0.5,5,4,4.5,135.5,7,3.5,139,132,135.5,1.93,0.06,0.03,1.96,1.9,1.93,1.5,1,0.5,2,1,1.5,1,2,1,2,0,1,10,0,0,10,10,10,0,0,0,0,0,0,12.5,3,1.5,14,11,12.5,0.5,1,0.5,1,0,0.5,2,4,2,4,0,2,0,0,0,0,0,0,0,0,0,0,0,0,2.5,3,1.5,4,1,2.5,22.1775,22.215,11.1075,33.285,11.07,22.1775,0,0,0,0,0,0,0,0,0,0,0,0,183,84,42,225,141,183,0.12,0.08,0.8,0,0,0.000899595,0.000449798,1,0.074975627,-0.072670768,0.05163116,0.605
2,0.70710678,0.62996052,0.57434918,0.55204476,0.53588673,40,22,11,51,29,40,74.5,21,10.5,85,64,74.5,92.653,58.214,29.107,121.76,63.546,92.653,1130.775,453.99,226.995,1357.77,903.78,1130.775,13,4,2,15,11,13,4.5,1,0.5,5,4,4.5,135.5,7,3.5,139,132,135.5,1.975,0.15,0.075,2.05,1.9,1.975,1.5,1,0.5,2,1,1.5,1.5,3,1.5,3,0,1.5,10,0,0,10,10,10,0,0,0,0,0,0,13,4,2,15,11,13,0.5,1,0.5,1,0,0.5,1.5,3,1.5,3,0,1.5,0,0,0,0,0,0,0,0,0,0,0,0,2,2,1,3,1,2,21.315,20.49,10.245,31.56,11.07,21.315,0,0,0,0,0,0,0,0,0,0,0,0,195.5,59,29.5,225,166,195.5,0.11538462,0.11538462,0.76923077,0,0,0.005609209,0.002804605,1,0.092151798,0,0,0.485
2,0.70710678,0.62996052,0.57434918,0.55204476,0.53588673,40.5,23,11.5,52,29,40.5,77,26,13,90,64,77,95.573,64.054,32.027,127.6,63.546,95.573,1040.215,635.11,317.555,1357.77,722.66,1040.215,13.5,5,2.5,16,11,13.5,4.5,1,0.5,5,4,4.5,135,6,3,138,132,135,2,0.2,0.1,2.1,1.9,2,1.5,1,0.5,2,1,1.5,2,4,2,4,0,2,10,0,0,10,10,10,0,0,0,0,0,0,13.5,5,2.5,16,11,13.5,0.5,1,0.5,1,0,0.5,1,2,1,2,0,1,0,0,0,0,0,0,0,0,0,0,0,0,1.5,1,0.5,2,1,1.5,22.916667,23.693333,11.846667,34.763333,11.07,22.916667,0.232,0.464,0.232,0.464,0,0.232,0,0,0,0,0,0,188.5,73,36.5,225,152,188.5,0.11111111,0.14814815,0.74074074,0,1,0.009950166,0.004975083,1,0.34766387,-0.072283884,0.14380299,0.525
2,0.70710678,0.62996052,0.57434918,0.55204476,0.53588673,54.5,51,25.5,80,29,54.5,67.5,7,3.5,71,64,67.5,132.068,137.044,68.522,200.59,63.546,132.068,796.045,1123.45,561.725,1357.77,234.32,796.045,11.5,1,0.5,12,11,11.5,5,2,1,6,4,5,132,0,0,132,132,132,1.95,0.1,0.05,2,1.9,1.95,1.5,1,0.5,2,1,1.5,0,0,0,0,0,0,10,0,0,10,10,10,7,14,7,14,0,7,18.5,15,7.5,26,11,18.5,0.5,1,0.5,1,0,0.5,0,0,0,0,0,0,0,0,0,0,0,0,0,0,0,0,0,0,0.5,1,0.5,1,0,0.5,18.153793,14.167586,7.0837931,25.237586,11.07,18.153793,0,0,0,0,0,0,0,0,0,0,0,0,195.5,59,29.5,225,166,195.5,0.081081081,0,0.54054054,0.37837838,0,0.002496878,0.001248439,0,-0.00228096,0,0,0.15
2,0.70710678,0.62996052,0.57434918,0.55204476,0.53588673,55.5,53,26.5,82,29,55.5,72.5,17,8.5,81,64,72.5,135.373,143.654,71.827,207.2,63.546,135.373,979.19,757.16,378.58,1357.77,600.61,979.19,12.5,3,1.5,14,11,12.5,5,2,1,6,4,5,139,14,7,146,132,139,2.115,0.43,0.215,2.33,1.9,2.115,1.5,1,0.5,2,1,1.5,1,2,1,2,0,1,10,0,0,10,10,10,7,14,7,14,0,7,19.5,17,8.5,28,11,19.5,0.5,1,0.5,1,0,0.5,2,4,2,4,0,2,0,0,0,0,0,0,0,0,0,0,0,0,2.5,3,1.5,4,1,2.5,19.59,17.04,8.52,28.11,11.07,19.59,0,0,0,0,0,0,0,0,0,0,0,0,225,0,0,225,225,225,0.076923077,0.051282051,0.51282051,0.35897436,0,0.045172898,0.022586449,1,0.19279557,0,0,0.095
2,0.70710678,0.62996052,0.57434918,0.55204476,0.53588673,56,54,27,83,29,56,75,22,11,86,64,75,136.2632,145.4344,72.7172,208.9804,63.546,136.2632,951.085,813.37,406.685,1357.77,544.4,951.085,13,4,2,15,11,13,5,2,1,6,4,5,140,16,8,148,132,140,1.96,0.12,0.06,2.02,1.9,1.96,1.5,1,0.5,2,1,1.5,1.5,3,1.5,3,0,1.5,10,0,0,10,10,10,7,14,7,14,0,7,20,18,9,29,11,20,0.5,1,0.5,1,0,0.5,1.5,3,1.5,3,0,1.5,0,0,0,0,0,0,0,0,0,0,0,0,2,2,1,3,1,2,22.01,21.88,10.94,32.95,11.07,22.01,0,0,0,0,0,0,0,0,0,0,0,0,118.5,213,106.5,225,12,118.5,0.075,0.075,0.5,0.35,0,0.003593528,0.001796764,1,0.17199316,0,0,0.155
2,0.70710678,0.62996052,0.57434918,0.55204476,0.53588673,28.5,3,1.5,30,27,28.5,63.5,11,5.5,69,58,63.5,62.156598,6.446805,3.2234025,65.38,58.933195,62.156598,1230.34,1075.32,537.66,1768,692.68,1230.34,10.5,3,1.5,12,9,10.5,4,0,0,4,4,4,124,4,2,126,122,124,1.765,0.23,0.115,1.88,1.65,1.765,2,0,0,2,2,2,0,0,0,0,0,0,8.5,3,1.5,10,7,8.5,0,0,0,0,0,0,10.5,3,1.5,12,9,10.5,0,0,0,0,0,0,0,0,0,0,0,0,1.5,3,1.5,3,0,1.5,0,0,0,0,0,0,1.5,3,1.5,3,0,1.5,12.1025,3.715,1.8575,13.96,10.245,12.1025,0,0,0,0,0,0,0.7742356,1.5484712,0.7742356,1.5484712,0,0.7742356,194,0,0,194,194,194,0.19047619,0,0.80952381,0,0,0.013137934,0.006568967,0,-0.64982647,-0.055081533,0.058019258,0.765
2,0.70710678,0.62996052,0.57434918,0.55204476,0.53588673,29,2,1,30,28,29,65,8,4,69,61,65,62.0367,6.6866,3.3433,65.38,58.6934,62.0367,1210.34,1035.32,517.66,1728,692.68,1210.34,11,2,1,12,10,11,4,0,0,4,4,4,123,2,1,124,122,123,1.78,0.26,0.13,1.91,1.65,1.78,2,0,0,2,2,2,0,0,0,0,0,0,9,2,1,10,8,9,0,0,0,0,0,0,11,2,1,12,10,11,0,0,0,0,0,0,0,0,0,0,0,0,1,2,1,2,0,1,0,0,0,0,0,0,1,2,1,2,0,1,12.14,3.64,1.82,13.96,10.32,12.14,0,0,0,0,0,0,0.29769735,0.5953947,0.29769735,0.5953947,0,0.29769735,209.5,31,15.5,225,194,209.5,0.18181818,0,0.81818182,0,0,0.016757996,0.008378998,0,-0.64365479,-0.26207306,0.52300261,0.42
2,0.70710678,0.62996052,0.57434918,0.55204476,0.53588673,29.5,1,0.5,30,29,29.5,66.5,5,2.5,69,64,66.5,64.463,1.834,0.917,65.38,63.546,64.463,1025.225,665.09,332.545,1357.77,692.68,1025.225,11.5,1,0.5,12,11,11.5,4,0,0,4,4,4,127,10,5,132,122,127,1.775,0.25,0.125,1.9,1.65,1.775,1.5,1,0.5,2,1,1.5,0,0,0,0,0,0,10,0,0,10,10,10,0,0,0,0,0,0,11.5,1,0.5,12,11,11.5,0.5,1,0.5,1,0,0.5,0,0,0,0,0,0,0,0,0,0,0,0,0,0,0,0,0,0,0.5,1,0.5,1,0,0.5,12.515,2.89,1.445,13.96,11.07,12.515,0,0,0,0,0,0,0,0,0,0,0,0,209.5,31,15.5,225,194,209.5,0.13043478,0,0.86956522,0,0,0.015503563,0.007751782,0,-1.0224993,-0.10536879,0.17074629,0.91
2,0.70710678,0.62996052,0.57434918,0.55204476,0.53588673,37.5,15,7.5,45,30,37.5,64,10,5,69,59,64,84.14275,37.5255,18.76275,102.9055,65.38,84.14275,1464.84,1544.32,772.16,2237,692.68,1464.84,10.5,3,1.5,12,9,10.5,4.5,1,0.5,5,4,4.5,132,20,10,142,122,132,1.965,0.63,0.315,2.28,1.65,1.965,1.5,1,0.5,2,1,1.5,0,0,0,0,0,0,9,2,1,10,8,9,0,0,0,0,0,0,10.5,3,1.5,12,9,10.5,0.5,1,0.5,1,0,0.5,0,0,0,0,0,0,1,2,1,2,0,1,0,0,0,0,0,0,1.5,3,1.5,3,0,1.5,13.8,0.32,0.16,13.96,13.64,13.8,0,0,0,0,0,0,0,0,0,0,0,0,209.5,31,15.5,225,194,209.5,0.14285714,0,0.85714286,0,0,0.094461061,0.047230531,0,-0.87809735,-0.38980125,0.7796025,0.51
2,0.70710678,0.62996052,0.57434918,0.55204476,0.53588673,38,16,8,46,30,38,65.5,7,3.5,69,62,65.5,85.9,41.04,20.52,106.42,65.38,85.9,1260.365,1135.37,567.685,1828.05,692.68,1260.365,11,2,1,12,10,11,4.5,1,0.5,5,4,4.5,130.5,17,8.5,139,122,130.5,1.925,0.55,0.275,2.2,1.65,1.925,1,2,1,2,0,1,0,0,0,0,0,0,10,0,0,10,10,10,0,0,0,0,0,0,11,2,1,12,10,11,0,0,0,0,0,0,0,0,0,0,0,0,0,0,0,0,0,0,0,0,0,0,0,0,0,0,0,0,0,0,14.185,0.45,0.225,14.41,13.96,14.185,0,0,0,0,0,0,0,0,0,0,0,0,209.5,31,15.5,225,194,209.5,0.090909091,0,0.90909091,0,0,0.072836172,0.036418086,0,-0.70030949,-0.57174918,1.1434984,0.365
2,0.70710678,0.62996052,0.57434918,0.55204476,0.53588673,38.5,17,8.5,47,30,38.5,67,4,2,69,65,67,86.6241,42.4882,21.2441,107.8682,65.38,86.6241,963.805,542.25,271.125,1234.93,692.68,963.805,11.5,1,0.5,12,11,11.5,4.5,1,0.5,5,4,4.5,133.5,23,11.5,145,122,133.5,1.79,0.28,0.14,1.93,1.65,1.79,1.5,1,0.5,2,1,1.5,0,0,0,0,0,0,10,0,0,10,10,10,0,0,0,0,0,0,11.5,1,0.5,12,11,11.5,0.5,1,0.5,1,0,0.5,0,0,0,0,0,0,0,0,0,0,0,0,0,0,0,0,0,0,0.5,1,0.5,1,0,0.5,15.145,2.37,1.185,16.33,13.96,15.145,0,0,0,0,0,0,0,0,0,0,0,0,209.5,31,15.5,225,194,209.5,0.13043478,0,0.86956522,0,0,0.019409169,0.009704584,0,-0.081837846,-0.053372924,0.086731002,1.065
2,0.70710678,0.62996052,0.57434918,0.55204476,0.53588673,53.5,47,23.5,77,30,53.5,64.5,9,4.5,69,60,64.5,128.7985,126.837,63.4185,192.217,65.38,128.7985,1715.84,2046.32,1023.16,2739,692.68,1715.84,10.5,3,1.5,12,9,10.5,5,2,1,6,4,5,131.5,19,9.5,141,122,131.5,1.925,0.55,0.275,2.2,1.65,1.925,2,0,0,2,2,2,0,0,0,0,0,0,8.5,3,1.5,10,7,8.5,7,14,7,14,0,7,17.5,11,5.5,23,12,17.5,0,0,0,0,0,0,0,0,0,0,0,0,1.5,3,1.5,3,0,1.5,0,0,0,0,0,0,1.5,3,1.5,3,0,1.5,14.085,0.25,0.125,14.21,13.96,14.085,0,0,0,0,0,0,0,0,0,0,0,0,209.5,31,15.5,225,194,209.5,0.11428571,0,0.48571429,0.4,0,0.072836172,0.036418086,0,-1.3548575,-0.23587656,0.35381484,0.625
2,0.70710678,0.62996052,0.57434918,0.55204476,0.53588673,54,48,24,78,30,54,66,6,3,69,63,66,130.232,129.704,64.852,195.084,65.38,130.232,1367.04,1348.72,674.36,2041.4,692.68,1367.04,11,2,1,12,10,11,5,2,1,6,4,5,129,14,7,136,122,129,1.965,0.63,0.315,2.28,1.65,1.965,1.5,1,0.5,2,1,1.5,0,0,0,0,0,0,9.5,1,0.5,10,9,9.5,7,14,7,14,0,7,18,12,6,24,12,18,0.5,1,0.5,1,0,0.5,0,0,0,0,0,0,0.5,1,0.5,1,0,0.5,0,0,0,0,0,0,1,2,1,2,0,1,14.49,1.06,0.53,15.02,13.96,14.49,0,0,0,0,0,0,0,0,0,0,0,0,209.5,31,15.5,225,194,209.5,0.083333333,0,0.52777778,0.38888889,0,0.094461061,0.047230531,0,-0.75493839,-0.56883208,1.1376642,0.34
2,0.70710678,0.62996052,0.57434918,0.55204476,0.53588673,54.5,49,24.5,79,30,54.5,67.5,3,1.5,69,66,67.5,131.17328,131.58657,65.793285,196.96657,65.38,131.17328,1015.005,644.65,322.325,1337.33,692.68,1015.005,11.5,1,0.5,12,11,11.5,5,2,1,6,4,5,129,14,7,136,122,129,2.095,0.89,0.445,2.54,1.65,2.095,1.5,1,0.5,2,1,1.5,0,0,0,0,0,0,10,0,0,10,10,10,7,14,7,14,0,7,18.5,13,6.5,25,12,18.5,0.5,1,0.5,1,0,0.5,0,0,0,0,0,0,0,0,0,0,0,0,0,0,0,0,0,0,0.5,1,0.5,1,0,0.5,15.33,2.74,1.37,16.7,13.96,15.33,0,0,0,0,0,0,0,0,0,0,0,0,209.5,31,15.5,225,194,209.5,0.081081081,0,0.54054054,0.37837838,0,0.17965066,0.089825328,0,-0.15728865,-0.21600034,0.43200069,0.765
2,0.70710678,0.62996052,0.57434918,0.55204476,0.53588673,29,4,2,31,27,29,66,16,8,74,58,66,64.328098,10.789805,5.3949025,69.723,58.933195,64.328098,1035.455,1465.09,732.545,1768,302.91,1035.455,11,4,2,13,9,11,4,0,0,4,4,4,124,4,2,126,122,124,1.845,0.07,0.035,1.88,1.81,1.845,2,0,0,2,2,2,0.5,1,0.5,1,0,0.5,8.5,3,1.5,10,7,8.5,0,0,0,0,0,0,11,4,2,13,9,11,0,0,0,0,0,0,2.5,5,2.5,5,0,2.5,1.5,3,1.5,3,0,1.5,0,0,0,0,0,0,4,2,1,5,3,4,14.55125,8.6125,4.30625,18.8575,10.245,14.55125,0,0,0,0,0,0,0.7742356,1.5484712,0.7742356,1.5484712,0,0.7742356,129,130,65,194,64,129,0.18181818,0.045454545,0.77272727,0,0,0.00122425,0.000612125,0,-0.11337433,-0.28740419,0.55791728,0.875
2,0.70710678,0.62996052,0.57434918,0.55204476,0.53588673,29.5,3,1.5,31,28,29.5,67.5,13,6.5,74,61,67.5,64.2082,11.0296,5.5148,69.723,58.6934,64.2082,1015.455,1425.09,712.545,1728,302.91,1015.455,11.5,3,1.5,13,10,11.5,4,0,0,4,4,4,123,2,1,124,122,123,1.86,0.1,0.05,1.91,1.81,1.86,2,0,0,2,2,2,0.5,1,0.5,1,0,0.5,9,2,1,10,8,9,0,0,0,0,0,0,11.5,3,1.5,13,10,11.5,0,0,0,0,0,0,2.5,5,2.5,5,0,2.5,1,2,1,2,0,1,0,0,0,0,0,0,3.5,3,1.5,5,2,3.5,14.58875,8.5375,4.26875,18.8575,10.32,14.58875,0,0,0,0,0,0,0.29769735,0.5953947,0.29769735,0.5953947,0,0.29769735,144.5,161,80.5,225,64,144.5,0.17391304,0.043478261,0.7826087,0,0,0.002496878,0.001248439,0.22,-0.12942234,-0.41653106,0.6934561,0.53
2,0.70710678,0.62996052,0.57434918,0.55204476,0.53588673,30,2,1,31,29,30,69,10,5,74,64,69,66.6345,6.177,3.0885,69.723,63.546,66.6345,830.34,1054.86,527.43,1357.77,302.91,830.34,12,2,1,13,11,12,4,0,0,4,4,4,127,10,5,132,122,127,1.855,0.09,0.045,1.9,1.81,1.855,1.5,1,0.5,2,1,1.5,0.5,1,0.5,1,0,0.5,10,0,0,10,10,10,0,0,0,0,0,0,12,2,1,13,11,12,0.5,1,0.5,1,0,0.5,2.5,5,2.5,5,0,2.5,0,0,0,0,0,0,0,0,0,0,0,0,3,4,2,5,1,3,14.96375,7.7875,3.89375,18.8575,11.07,14.96375,0,0,0,0,0,0,0,0,0,0,0,0,144.5,161,80.5,225,64,144.5,0.125,0.041666667,0.83333333,0,0,0.002022951,0.001011476,0,-0.40255654,-0.11325862,0.36636977,1.02
2,0.70710678,0.62996052,0.57434918,0.55204476,0.53588673,38,14,7,45,31,38,66.5,15,7.5,74,59,66.5,86.31425,33.1825,16.59125,102.9055,69.723,86.31425,1269.955,1934.09,967.045,2237,302.91,1269.955,11,4,2,13,9,11,4.5,1,0.5,5,4,4.5,132,20,10,142,122,132,2.045,0.47,0.235,2.28,1.81,2.045,1.5,1,0.5,2,1,1.5,0.5,1,0.5,1,0,0.5,9,2,1,10,8,9,0,0,0,0,0,0,11,4,2,13,9,11,0.5,1,0.5,1,0,0.5,2.5,5,2.5,5,0,2.5,1,2,1,2,0,1,0,0,0,0,0,0,4,2,1,5,3,4,16.24875,5.2175,2.60875,18.8575,13.64,16.24875,0,0,0,0,0,0,0,0,0,0,0,0,144.5,161,80.5,225,64,144.5,0.13636364,0.045454545,0.81818182,0,0,0.053727787,0.026863894,0.28,-0.56019169,-0.69024846,1.3804969,0.62
2,0.70710678,0.62996052,0.57434918,0.55204476,0.53588673,38.5,15,7.5,46,31,38.5,68,12,6,74,62,68,88.0715,36.697,18.3485,106.42,69.723,88.0715,1065.48,1525.14,762.57,1828.05,302.91,1065.48,11.5,3,1.5,13,10,11.5,4.5,1,0.5,5,4,4.5,130.5,17,8.5,139,122,130.5,2.005,0.39,0.195,2.2,1.81,2.005,1,2,1,2,0,1,0.5,1,0.5,1,0,0.5,10,0,0,10,10,10,0,0,0,0,0,0,11.5,3,1.5,13,10,11.5,0,0,0,0,0,0,2.5,5,2.5,5,0,2.5,0,0,0,0,0,0,0,0,0,0,0,0,2.5,5,2.5,5,0,2.5,16.63375,4.4475,2.22375,18.8575,14.41,16.63375,0,0,0,0,0,0,0,0,0,0,0,0,144.5,161,80.5,225,64,144.5,0.086956522,0.043478261,0.86956522,0,0,0.037311127,0.018655563,0,-0.51126213,-0.65903422,1.3180684,0.475
2,0.70710678,0.62996052,0.57434918,0.55204476,0.53588673,39,16,8,47,31,39,69.5,9,4.5,74,65,69.5,88.7956,38.1452,19.0726,107.8682,69.723,88.7956,768.92,932.02,466.01,1234.93,302.91,768.92,12,2,1,13,11,12,4.5,1,0.5,5,4,4.5,133.5,23,11.5,145,122,133.5,1.87,0.12,0.06,1.93,1.81,1.87,1.5,1,0.5,2,1,1.5,0.5,1,0.5,1,0,0.5,10,0,0,10,10,10,0,0,0,0,0,0,12,2,1,13,11,12,0.5,1,0.5,1,0,0.5,2.5,5,2.5,5,0,2.5,0,0,0,0,0,0,0,0,0,0,0,0,3,4,2,5,1,3,17.59375,2.5275,1.26375,18.8575,16.33,17.59375,0,0,0,0,0,0,0,0,0,0,0,0,144.5,161,80.5,225,64,144.5,0.125,0.041666667,0.83333333,0,0,0.003593528,0.001796764,0,-0.24956618,-0.049893809,0.14968143,1.175
2,0.70710678,0.62996052,0.57434918,0.55204476,0.53588673,54,46,23,77,31,54,67,14,7,74,60,67,130.97,122.494,61.247,192.217,69.723,130.97,1520.955,2436.09,1218.045,2739,302.91,1520.955,11,4,2,13,9,11,5,2,1,6,4,5,131.5,19,9.5,141,122,131.5,2.005,0.39,0.195,2.2,1.81,2.005,2,0,0,2,2,2,0.5,1,0.5,1,0,0.5,8.5,3,1.5,10,7,8.5,7,14,7,14,0,7,18,10,5,23,13,18,0,0,0,0,0,0,2.5,5,2.5,5,0,2.5,1.5,3,1.5,3,0,1.5,0,0,0,0,0,0,4,2,1,5,3,4,16.53375,4.6475,2.32375,18.8575,14.21,16.53375,0,0,0,0,0,0,0,0,0,0,0,0,144.5,161,80.5,225,64,144.5,0.11111111,0.027777778,0.47222222,0.38888889,0,0.037311127,0.018655563,0,-0.68408613,-0.47425833,0.75881333,0.735
2,0.70710678,0.62996052,0.57434918,0.55204476,0.53588673,54.5,47,23.5,78,31,54.5,68.5,11,5.5,74,63,68.5,132.4035,125.361,62.6805,195.084,69.723,132.4035,1172.155,1738.49,869.245,2041.4,302.91,1172.155,11.5,3,1.5,13,10,11.5,5,2,1,6,4,5,129,14,7,136,122,129,2.045,0.47,0.235,2.28,1.81,2.045,1.5,1,0.5,2,1,1.5,0.5,1,0.5,1,0,0.5,9.5,1,0.5,10,9,9.5,7,14,7,14,0,7,18.5,11,5.5,24,13,18.5,0.5,1,0.5,1,0,0.5,2.5,5,2.5,5,0,2.5,0.5,1,0.5,1,0,0.5,0,0,0,0,0,0,3.5,3,1.5,5,2,3.5,16.93875,3.8375,1.91875,18.8575,15.02,16.93875,0,0,0,0,0,0,0,0,0,0,0,0,144.5,161,80.5,225,64,144.5,0.081081081,0.027027027,0.51351351,0.37837838,0,0.053727787,0.026863894,0.1,-0.62448407,-0.65738081,1.3147616,0.45
2,0.70710678,0.62996052,0.57434918,0.55204476,0.53588673,55,48,24,79,31,55,70,8,4,74,66,70,133.34478,127.24357,63.621785,196.96657,69.723,133.34478,820.12,1034.42,517.21,1337.33,302.91,820.12,12,2,1,13,11,12,5,2,1,6,4,5,129,14,7,136,122,129,2.175,0.73,0.365,2.54,1.81,2.175,1.5,1,0.5,2,1,1.5,0.5,1,0.5,1,0,0.5,10,0,0,10,10,10,7,14,7,14,0,7,19,12,6,25,13,19,0.5,1,0.5,1,0,0.5,2.5,5,2.5,5,0,2.5,0,0,0,0,0,0,0,0,0,0,0,0,3,4,2,5,1,3,17.77875,2.1575,1.07875,18.8575,16.7,17.77875,0,0,0,0,0,0,0,0,0,0,0,0,144.5,161,80.5,225,64,144.5,0.078947368,0.026315789,0.52631579,0.36842105,0,0.12473187,0.062365933,0,-0.15826601,-0.2329629,0.34944436,0.875
2,0.70710678,0.62996052,0.57434918,0.55204476,0.53588673,38.5,13,6.5,45,32,38.5,69,20,10,79,59,69,87.77275,30.2655,15.13275,102.9055,72.64,87.77275,1724.2,1025.6,512.8,2237,1211.4,1724.2,11.5,5,2.5,14,9,11.5,4.5,1,0.5,5,4,4.5,131,22,11,142,120,131,2.145,0.27,0.135,2.28,2.01,2.145,1.5,1,0.5,2,1,1.5,1,2,1,2,0,1,9,2,1,10,8,9,0,0,0,0,0,0,11.5,5,2.5,14,9,11.5,0.5,1,0.5,1,0,0.5,2,4,2,4,0,2,1,2,1,2,0,1,0,0,0,0,0,0,3.5,1,0.5,4,3,3.5,18.3225,9.365,4.6825,23.005,13.64,18.3225,0.1915,0.383,0.1915,0.383,0,0.1915,0,0,0,0,0,0,225,0,0,225,225,225,0.13043478,0.086956522,0.7826087,0,0,0.018059929,0.009029965,0.22,-0.48223992,-0.55575748,1.111515,0.02
2,0.70710678,0.62996052,0.57434918,0.55204476,0.53588673,39,14,7,46,32,39,70.5,17,8.5,79,62,70.5,89.53,33.78,16.89,106.42,72.64,89.53,1519.725,616.65,308.325,1828.05,1211.4,1519.725,12,4,2,14,10,12,4.5,1,0.5,5,4,4.5,129.5,19,9.5,139,120,129.5,2.105,0.19,0.095,2.2,2.01,2.105,1,2,1,2,0,1,1,2,1,2,0,1,10,0,0,10,10,10,0,0,0,0,0,0,12,4,2,14,10,12,0,0,0,0,0,0,2,4,2,4,0,2,0,0,0,0,0,0,0,0,0,0,0,0,2,4,2,4,0,2,18.7075,8.595,4.2975,23.005,14.41,18.7075,0.1915,0.383,0.1915,0.383,0,0.1915,0,0,0,0,0,0,225,0,0,225,225,225,0.083333333,0.083333333,0.83333333,0,0,0.008984397,0.004492199,0.85,-0.11890402,-0.54245027,1.6273508,0.165
2,0.70710678,0.62996052,0.57434918,0.55204476,0.53588673,54.5,45,22.5,77,32,54.5,69.5,19,9.5,79,60,69.5,132.4285,119.577,59.7885,192.217,72.64,132.4285,1975.2,1527.6,763.8,2739,1211.4,1975.2,11.5,5,2.5,14,9,11.5,5,2,1,6,4,5,130.5,21,10.5,141,120,130.5,2.105,0.19,0.095,2.2,2.01,2.105,2,0,0,2,2,2,1,2,1,2,0,1,8.5,3,1.5,10,7,8.5,7,14,7,14,0,7,18.5,9,4.5,23,14,18.5,0,0,0,0,0,0,2,4,2,4,0,2,1.5,3,1.5,3,0,1.5,0,0,0,0,0,0,3.5,1,0.5,4,3,3.5,18.6075,8.795,4.3975,23.005,14.21,18.6075,0.1915,0.383,0.1915,0.383,0,0.1915,0,0,0,0,0,0,225,0,0,225,225,225,0.10810811,0.054054054,0.45945946,0.37837838,0,0.008984397,0.004492199,0.85,-0.093005355,-0.34182856,0.61529141,0.095
2,0.70710678,0.62996052,0.57434918,0.55204476,0.53588673,55,46,23,78,32,55,71,16,8,79,63,71,133.862,122.444,61.222,195.084,72.64,133.862,1626.4,830,415,2041.4,1211.4,1626.4,12,4,2,14,10,12,5,2,1,6,4,5,128,16,8,136,120,128,2.145,0.27,0.135,2.28,2.01,2.145,1.5,1,0.5,2,1,1.5,1,2,1,2,0,1,9.5,1,0.5,10,9,9.5,7,14,7,14,0,7,19,10,5,24,14,19,0.5,1,0.5,1,0,0.5,2,4,2,4,0,2,0.5,1,0.5,1,0,0.5,0,0,0,0,0,0,3,2,1,4,2,3,19.0125,7.985,3.9925,23.005,15.02,19.0125,0.1915,0.383,0.1915,0.383,0,0.1915,0,0,0,0,0,0,225,0,0,225,225,225,0.078947368,0.052631579,0.5,0.36842105,0,0.018059929,0.009029965,0.83,-0.082097311,-0.47582247,0.95164494,0.19
2,0.70710678,0.62996052,0.57434918,0.55204476,0.53588673,55.5,47,23.5,79,32,55.5,72.5,13,6.5,79,66,72.5,134.80328,124.32657,62.163284,196.96657,72.64,134.80328,1274.365,125.93,62.965,1337.33,1211.4,1274.365,12.5,3,1.5,14,11,12.5,5,2,1,6,4,5,128,16,8,136,120,128,2.275,0.53,0.265,2.54,2.01,2.275,1.5,1,0.5,2,1,1.5,1,2,1,2,0,1,10,0,0,10,10,10,7,14,7,14,0,7,19.5,11,5.5,25,14,19.5,0.5,1,0.5,1,0,0.5,2,4,2,4,0,2,0,0,0,0,0,0,0,0,0,0,0,0,2.5,3,1.5,4,1,2.5,19.8525,6.305,3.1525,23.005,16.7,19.8525,0.1915,0.383,0.1915,0.383,0,0.1915,0,0,0,0,0,0,225,0,0,225,225,225,0.076923077,0.051282051,0.51282051,0.35897436,0,0.067815945,0.033907973,0.45,-0.058062906,-0.003720987,0.46512339,0.235
2,0.70710678,0.62996052,0.57434918,0.55204476,0.53588673,39,12,6,45,33,39,71.5,25,12.5,84,59,71.5,88.91355,27.9839,13.99195,102.9055,74.9216,88.91355,1663.5,1147,573.5,2237,1090,1663.5,12,6,3,15,9,12,4.5,1,0.5,5,4,4.5,130.5,23,11.5,142,119,130.5,2.23,0.1,0.05,2.28,2.18,2.23,1.5,1,0.5,2,1,1.5,1.5,3,1.5,3,0,1.5,9,2,1,10,8,9,0,0,0,0,0,0,12,6,3,15,9,12,0.5,1,0.5,1,0,0.5,1.5,3,1.5,3,0,1.5,1,2,1,2,0,1,0,0,0,0,0,0,3,0,0,3,3,3,17.9075,8.535,4.2675,22.175,13.64,17.9075,0,0,0,0,0,0,0,0,0,0,0,0,195.5,59,29.5,225,166,195.5,0.125,0.125,0.75,0,1,0.002496878,0.001248439,0.35,-0.27584999,-0.51154797,0.76732195,0.14
2,0.70710678,0.62996052,0.57434918,0.55204476,0.53588673,39.5,13,6.5,46,33,39.5,73,22,11,84,62,73,90.6708,31.4984,15.7492,106.42,74.9216,90.6708,1459.025,738.05,369.025,1828.05,1090,1459.025,12.5,5,2.5,15,10,12.5,4.5,1,0.5,5,4,4.5,129,20,10,139,119,129,2.19,0.02,0.01,2.2,2.18,2.19,1,2,1,2,0,1,1.5,3,1.5,3,0,1.5,10,0,0,10,10,10,0,0,0,0,0,0,12.5,5,2.5,15,10,12.5,0,0,0,0,0,0,1.5,3,1.5,3,0,1.5,0,0,0,0,0,0,0,0,0,0,0,0,1.5,3,1.5,3,0,1.5,18.2925,7.765,3.8825,22.175,14.41,18.2925,0,0,0,0,0,0,0,0,0,0,0,0,195.5,59,29.5,225,166,195.5,0.08,0.12,0.8,0,1,0.000099995,4.99975E-05,0.72,-0.17131827,-0.37407221,1.1222166,0.005
2,0.70710678,0.62996052,0.57434918,0.55204476,0.53588673,55,44,22,77,33,55,72,24,12,84,60,72,133.5693,117.2954,58.6477,192.217,74.9216,133.5693,1914.5,1649,824.5,2739,1090,1914.5,12,6,3,15,9,12,5,2,1,6,4,5,130,22,11,141,119,130,2.19,0.02,0.01,2.2,2.18,2.19,2,0,0,2,2,2,1.5,3,1.5,3,0,1.5,8.5,3,1.5,10,7,8.5,7,14,7,14,0,7,19,8,4,23,15,19,0,0,0,0,0,0,1.5,3,1.5,3,0,1.5,1.5,3,1.5,3,0,1.5,0,0,0,0,0,0,3,0,0,3,3,3,18.1925,7.965,3.9825,22.175,14.21,18.1925,0,0,0,0,0,0,0,0,0,0,0,0,195.5,59,29.5,225,166,195.5,0.10526316,0.078947368,0.44736842,0.36842105,1,0.000099995,4.99975E-05,0.55,-0.1765443,-0.47797779,0.71696668,0.255
2,0.70710678,0.62996052,0.57434918,0.55204476,0.53588673,55.5,45,22.5,78,33,55.5,73.5,21,10.5,84,63,73.5,135.0028,120.1624,60.0812,195.084,74.9216,135.0028,1565.7,951.4,475.7,2041.4,1090,1565.7,12.5,5,2.5,15,10,12.5,5,2,1,6,4,5,127.5,17,8.5,136,119,127.5,2.23,0.1,0.05,2.28,2.18,2.23,1.5,1,0.5,2,1,1.5,1.5,3,1.5,3,0,1.5,9.5,1,0.5,10,9,9.5,7,14,7,14,0,7,19.5,9,4.5,24,15,19.5,0.5,1,0.5,1,0,0.5,1.5,3,1.5,3,0,1.5,0.5,1,0.5,1,0,0.5,0,0,0,0,0,0,2.5,1,0.5,3,2,2.5,18.5975,7.155,3.5775,22.175,15.02,18.5975,0,0,0,0,0,0,0,0,0,0,0,0,195.5,59,29.5,225,166,195.5,0.076923077,0.076923077,0.48717949,0.35897436,0,0.002496878,0.001248439,0,-0.54952226,-0.52139014,0.78208521,0.03
2,0.70710678,0.62996052,0.57434918,0.55204476,0.53588673,56,46,23,79,33,56,75,18,9,84,66,75,135.94408,122.04497,61.022485,196.96657,74.9216,135.94408,1213.665,247.33,123.665,1337.33,1090,1213.665,13,4,2,15,11,13,5,2,1,6,4,5,127.5,17,8.5,136,119,127.5,2.36,0.36,0.18,2.54,2.18,2.36,1.5,1,0.5,2,1,1.5,1.5,3,1.5,3,0,1.5,10,0,0,10,10,10,7,14,7,14,0,7,20,10,5,25,15,20,0.5,1,0.5,1,0,0.5,1.5,3,1.5,3,0,1.5,0,0,0,0,0,0,0,0,0,0,0,0,2,2,1,3,1,2,19.4375,5.475,2.7375,22.175,16.7,19.4375,0,0,0,0,0,0,0,0,0,0,0,0,195.5,59,29.5,225,166,195.5,0.075,0.075,0.5,0.35,1,0.031880743,0.015940372,1,0.081024279,-0.031672161,0.052786935,0.395
2,0.70710678,0.62996052,0.57434918,0.55204476,0.53588673,63.5,37,18.5,82,45,63.5,70,22,11,81,59,70,155.05275,104.2945,52.14725,207.2,102.9055,155.05275,1418.805,1636.39,818.195,2237,600.61,1418.805,11.5,5,2.5,14,9,11.5,5.5,1,0.5,6,5,5.5,144,4,2,146,142,144,2.305,0.05,0.025,2.33,2.28,2.305,1.5,1,0.5,2,1,1.5,1,2,1,2,0,1,9,2,1,10,8,9,7,14,7,14,0,7,18.5,19,9.5,28,9,18.5,0.5,1,0.5,1,0,0.5,2,4,2,4,0,2,1,2,1,2,0,1,0,0,0,0,0,0,3.5,1,0.5,4,3,3.5,20.875,14.47,7.235,28.11,13.64,20.875,0,0,0,0,0,0,0,0,0,0,0,0,225,0,0,225,225,225,0.081081081,0.054054054,0.48648649,0.37837838,0,0.000624805,0.000312402,1,0.30891364,-0.098735732,0.19747146,0.305
2,0.70710678,0.62996052,0.57434918,0.55204476,0.53588673,64,36,18,82,46,64,71.5,19,9.5,81,62,71.5,156.81,100.78,50.39,207.2,106.42,156.81,1214.33,1227.44,613.72,1828.05,600.61,1214.33,12,4,2,14,10,12,5.5,1,0.5,6,5,5.5,142.5,7,3.5,146,139,142.5,2.265,0.13,0.065,2.33,2.2,2.265,1,2,1,2,0,1,1,2,1,2,0,1,10,0,0,10,10,10,7,14,7,14,0,7,19,18,9,28,10,19,0,0,0,0,0,0,2,4,2,4,0,2,0,0,0,0,0,0,0,0,0,0,0,0,2,4,2,4,0,2,21.26,13.7,6.85,28.11,14.41,21.26,0,0,0,0,0,0,0,0,0,0,0,0,225,0,0,225,225,225,0.052631579,0.052631579,0.52631579,0.36842105,0,0.004216087,0.002108044,1,0.024152709,-0.30248564,1.2099425,0.45
2,0.70710678,0.62996052,0.57434918,0.55204476,0.53588673,39.5,15,7.5,47,32,39.5,72,14,7,79,65,72,90.2541,35.2282,17.6141,107.8682,72.64,90.2541,1223.165,23.53,11.765,1234.93,1211.4,1223.165,12.5,3,1.5,14,11,12.5,4.5,1,0.5,5,4,4.5,132.5,25,12.5,145,120,132.5,1.97,0.08,0.04,2.01,1.93,1.97,1.5,1,0.5,2,1,1.5,1,2,1,2,0,1,10,0,0,10,10,10,0,0,0,0,0,0,12.5,3,1.5,14,11,12.5,0.5,1,0.5,1,0,0.5,2,4,2,4,0,2,0,0,0,0,0,0,0,0,0,0,0,0,2.5,3,1.5,4,1,2.5,19.6675,6.675,3.3375,23.005,16.33,19.6675,0.1915,0.383,0.1915,0.383,0,0.1915,0,0,0,0,0,0,225,0,0,225,225,225,0.12,0.08,0.8,0,0,0.001598721,0.00079936,0,-0.16193722,-0.005135329,0.64191609,0.535
2,0.70710678,0.62996052,0.57434918,0.55204476,0.53588673,40,14,7,47,33,40,74.5,19,9.5,84,65,74.5,91.3949,32.9466,16.4733,107.8682,74.9216,91.3949,1162.465,144.93,72.465,1234.93,1090,1162.465,13,4,2,15,11,13,4.5,1,0.5,5,4,4.5,132,26,13,145,119,132,2.055,0.25,0.125,2.18,1.93,2.055,1.5,1,0.5,2,1,1.5,1.5,3,1.5,3,0,1.5,10,0,0,10,10,10,0,0,0,0,0,0,13,4,2,15,11,13,0.5,1,0.5,1,0,0.5,1.5,3,1.5,3,0,1.5,0,0,0,0,0,0,0,0,0,0,0,0,2,2,1,3,1,2,19.2525,5.845,2.9225,22.175,16.33,19.2525,0,0,0,0,0,0,0,0,0,0,0,0,195.5,59,29.5,225,166,195.5,0.11538462,0.11538462,0.76923077,0,0,0.015503563,0.007751782,0,-0.092740259,0,0,0.695
2,0.70710678,0.62996052,0.57434918,0.55204476,0.53588673,48.5,3,1.5,50,47,48.5,72.5,15,7.5,80,65,72.5,113.2891,10.8418,5.4209,118.71,107.8682,113.2891,870.005,729.85,364.925,1234.93,505.08,870.005,12.5,3,1.5,14,11,12.5,5,0,0,5,5,5,142,6,3,145,139,142,1.945,0.03,0.015,1.96,1.93,1.945,1.5,1,0.5,2,1,1.5,1,2,1,2,0,1,10,0,0,10,10,10,0,0,0,0,0,0,12.5,3,1.5,14,11,12.5,0.5,1,0.5,1,0,0.5,2,4,2,4,0,2,0,0,0,0,0,0,0,0,0,0,0,0,2.5,3,1.5,4,1,2.5,24.8075,16.955,8.4775,33.285,16.33,24.8075,0,0,0,0,0,0,0,0,0,0,0,0,183,84,42,225,141,183,0.12,0.08,0.8,0,0,0.000224975,0.000112487,0,-0.12500135,-0.04978106,0.10617864,0.76
2,0.70710678,0.62996052,0.57434918,0.55204476,0.53588673,49,4,2,51,47,49,75,20,10,85,65,75,114.8141,13.8918,6.9459,121.76,107.8682,114.8141,1069.355,331.15,165.575,1234.93,903.78,1069.355,13,4,2,15,11,13,5,0,0,5,5,5,142,6,3,145,139,142,1.99,0.12,0.06,2.05,1.93,1.99,1.5,1,0.5,2,1,1.5,1.5,3,1.5,3,0,1.5,10,0,0,10,10,10,0,0,0,0,0,0,13,4,2,15,11,13,0.5,1,0.5,1,0,0.5,1.5,3,1.5,3,0,1.5,0,0,0,0,0,0,0,0,0,0,0,0,2,2,1,3,1,2,23.945,15.23,7.615,31.56,16.33,23.945,0,0,0,0,0,0,0,0,0,0,0,0,195.5,59,29.5,225,166,195.5,0.11538462,0.11538462,0.76923077,0,0,0.003593528,0.001796764,0,-0.035257465,0,0,0.64
2,0.70710678,0.62996052,0.57434918,0.55204476,0.53588673,49.5,5,2.5,52,47,49.5,77.5,25,12.5,90,65,77.5,117.7341,19.7318,9.8659,127.6,107.8682,117.7341,978.795,512.27,256.135,1234.93,722.66,978.795,13.5,5,2.5,16,11,13.5,5,0,0,5,5,5,141.5,7,3.5,145,138,141.5,2.015,0.17,0.085,2.1,1.93,2.015,1.5,1,0.5,2,1,1.5,2,4,2,4,0,2,10,0,0,10,10,10,0,0,0,0,0,0,13.5,5,2.5,16,11,13.5,0.5,1,0.5,1,0,0.5,1,2,1,2,0,1,0,0,0,0,0,0,0,0,0,0,0,0,1.5,1,0.5,2,1,1.5,25.546667,18.433333,9.2166667,34.763333,16.33,25.546667,0.232,0.464,0.232,0.464,0,0.232,0,0,0,0,0,0,188.5,73,36.5,225,152,188.5,0.11111111,0.14814815,0.74074074,0,0,0.007198962,0.003599481,1,0.15759221,-0.065272884,0.19581865,0.68
2,0.70710678,0.62996052,0.57434918,0.55204476,0.53588673,63.5,33,16.5,80,47,63.5,68,6,3,71,65,68,154.2291,92.7218,46.3609,200.59,107.8682,154.2291,734.625,1000.61,500.305,1234.93,234.32,734.625,11.5,1,0.5,12,11,11.5,5.5,1,0.5,6,5,5.5,138.5,13,6.5,145,132,138.5,1.965,0.07,0.035,2,1.93,1.965,1.5,1,0.5,2,1,1.5,0,0,0,0,0,0,10,0,0,10,10,10,7,14,7,14,0,7,18.5,15,7.5,26,11,18.5,0.5,1,0.5,1,0,0.5,0,0,0,0,0,0,0,0,0,0,0,0,0,0,0,0,0,0,0.5,1,0.5,1,0,0.5,20.783793,8.9075862,4.4537931,25.237586,16.33,20.783793,0,0,0,0,0,0,0,0,0,0,0,0,195.5,59,29.5,225,166,195.5,0.081081081,0,0.54054054,0.37837838,0,0.00122425,0.000612125,0,-0.073192998,0,0,0.005
2,0.70710678,0.62996052,0.57434918,0.55204476,0.53588673,64.5,35,17.5,82,47,64.5,73,16,8,81,65,73,157.5341,99.3318,49.6659,207.2,107.8682,157.5341,917.77,634.32,317.16,1234.93,600.61,917.77,12.5,3,1.5,14,11,12.5,5.5,1,0.5,6,5,5.5,145.5,1,0.5,146,145,145.5,2.13,0.4,0.2,2.33,1.93,2.13,1.5,1,0.5,2,1,1.5,1,2,1,2,0,1,10,0,0,10,10,10,7,14,7,14,0,7,19.5,17,8.5,28,11,19.5,0.5,1,0.5,1,0,0.5,2,4,2,4,0,2,0,0,0,0,0,0,0,0,0,0,0,0,2.5,3,1.5,4,1,2.5,22.22,11.78,5.89,28.11,16.33,22.22,0,0,0,0,0,0,0,0,0,0,0,0,225,0,0,225,225,225,0.076923077,0.051282051,0.51282051,0.35897436,0,0.039210561,0.01960528,1,0.015920758,0,0,0.25
2,0.70710678,0.62996052,0.57434918,0.55204476,0.53588673,65,36,18,83,47,65,75.5,21,10.5,86,65,75.5,158.4243,101.1122,50.5561,208.9804,107.8682,158.4243,889.665,690.53,345.265,1234.93,544.4,889.665,13,4,2,15,11,13,5.5,1,0.5,6,5,5.5,146.5,3,1.5,148,145,146.5,1.975,0.09,0.045,2.02,1.93,1.975,1.5,1,0.5,2,1,1.5,1.5,3,1.5,3,0,1.5,10,0,0,10,10,10,7,14,7,14,0,7,20,18,9,29,11,20,0.5,1,0.5,1,0,0.5,1.5,3,1.5,3,0,1.5,0,0,0,0,0,0,0,0,0,0,0,0,2,2,1,3,1,2,24.64,16.62,8.31,32.95,16.33,24.64,0,0,0,0,0,0,0,0,0,0,0,0,118.5,213,106.5,225,12,118.5,0.075,0.075,0.5,0.35,0,0.002022951,0.001011476,1,0.047935394,0,0,0.31
2,0.70710678,0.62996052,0.57434918,0.55204476,0.53588673,37.5,21,10.5,48,27,37.5,64,12,6,70,58,64,85.672098,53.477805,26.738903,112.411,58.933195,85.672098,1181.11,1173.78,586.89,1768,594.22,1181.11,10.5,3,1.5,12,9,10.5,4.5,1,0.5,5,4,4.5,135,18,9,144,126,135,1.785,0.19,0.095,1.88,1.69,1.785,2,0,0,2,2,2,0,0,0,0,0,0,8.5,3,1.5,10,7,8.5,0,0,0,0,0,0,10.5,3,1.5,12,9,10.5,0,0,0,0,0,0,0,0,0,0,0,0,1.5,3,1.5,3,0,1.5,0,0,0,0,0,0,1.5,3,1.5,3,0,1.5,14.87,9.25,4.625,19.495,10.245,14.87,0,0,0,0,0,0,0.7742356,1.5484712,0.7742356,1.5484712,0,0.7742356,194,0,0,194,194,194,0.19047619,0,0.80952381,0,0,0.008984397,0.004492199,1,0.22581272,0,0,0.03
2,0.70710678,0.62996052,0.57434918,0.55204476,0.53588673,38,20,10,48,28,38,65.5,9,4.5,70,61,65.5,85.5522,53.7176,26.8588,112.411,58.6934,85.5522,1161.11,1133.78,566.89,1728,594.22,1161.11,11,2,1,12,10,11,4.5,1,0.5,5,4,4.5,134,20,10,144,124,134,1.8,0.22,0.11,1.91,1.69,1.8,2,0,0,2,2,2,0,0,0,0,0,0,9,2,1,10,8,9,0,0,0,0,0,0,11,2,1,12,10,11,0,0,0,0,0,0,0,0,0,0,0,0,1,2,1,2,0,1,0,0,0,0,0,0,1,2,1,2,0,1,14.9075,9.175,4.5875,19.495,10.32,14.9075,0,0,0,0,0,0,0.29769735,0.5953947,0.29769735,0.5953947,0,0.29769735,209.5,31,15.5,225,194,209.5,0.18181818,0,0.81818182,0,0,0.012027089,0.006013545,1,0.011951326,-0.030783994,0.060424478,0.315
2,0.70710678,0.62996052,0.57434918,0.55204476,0.53588673,38.5,19,9.5,48,29,38.5,67,6,3,70,64,67,87.9785,48.865,24.4325,112.411,63.546,87.9785,975.995,763.55,381.775,1357.77,594.22,975.995,11.5,1,0.5,12,11,11.5,4.5,1,0.5,5,4,4.5,138,12,6,144,132,138,1.795,0.21,0.105,1.9,1.69,1.795,1.5,1,0.5,2,1,1.5,0,0,0,0,0,0,10,0,0,10,10,10,0,0,0,0,0,0,11.5,1,0.5,12,11,11.5,0.5,1,0.5,1,0,0.5,0,0,0,0,0,0,0,0,0,0,0,0,0,0,0,0,0,0,0.5,1,0.5,1,0,0.5,15.2825,8.425,4.2125,19.495,11.07,15.2825,0,0,0,0,0,0,0,0,0,0,0,0,209.5,31,15.5,225,194,209.5,0.13043478,0,0.86956522,0,0,0.010964447,0.005482224,0,-0.069131872,0,0,0.175
2,0.70710678,0.62996052,0.57434918,0.55204476,0.53588673,46.5,3,1.5,48,45,46.5,64.5,11,5.5,70,59,64.5,107.65825,9.5055,4.75275,112.411,102.9055,107.65825,1415.61,1642.78,821.39,2237,594.22,1415.61,10.5,3,1.5,12,9,10.5,5,0,0,5,5,5,143,2,1,144,142,143,1.985,0.59,0.295,2.28,1.69,1.985,1.5,1,0.5,2,1,1.5,0,0,0,0,0,0,9,2,1,10,8,9,0,0,0,0,0,0,10.5,3,1.5,12,9,10.5,0.5,1,0.5,1,0,0.5,0,0,0,0,0,0,1,2,1,2,0,1,0,0,0,0,0,0,1.5,3,1.5,3,0,1.5,16.5675,5.855,2.9275,19.495,13.64,16.5675,0,0,0,0,0,0,0,0,0,0,0,0,209.5,31,15.5,225,194,209.5,0.14285714,0,0.85714286,0,0,0.083345821,0.041672911,0,-0.39424707,-0.16739962,0.23435947,0.225
2,0.70710678,0.62996052,0.57434918,0.55204476,0.53588673,47,2,1,48,46,47,66,8,4,70,62,66,109.4155,5.991,2.9955,112.411,106.42,109.4155,1211.135,1233.83,616.915,1828.05,594.22,1211.135,11,2,1,12,10,11,5,0,0,5,5,5,141.5,5,2.5,144,139,141.5,1.945,0.51,0.255,2.2,1.69,1.945,1,2,1,2,0,1,0,0,0,0,0,0,10,0,0,10,10,10,0,0,0,0,0,0,11,2,1,12,10,11,0,0,0,0,0,0,0,0,0,0,0,0,0,0,0,0,0,0,0,0,0,0,0,0,0,0,0,0,0,0,16.9525,5.085,2.5425,19.495,14.41,16.9525,0,0,0,0,0,0,0,0,0,0,0,0,209.5,31,15.5,225,194,209.5,0.090909091,0,0.90909091,0,0,0.062955963,0.031477982,0,-0.43583331,-0.41894867,0.83789733,0.37
2,0.70710678,0.62996052,0.57434918,0.55204476,0.53588673,47.5,1,0.5,48,47,47.5,67.5,5,2.5,70,65,67.5,110.1396,4.5428,2.2714,112.411,107.8682,110.1396,914.575,640.71,320.355,1234.93,594.22,914.575,11.5,1,0.5,12,11,11.5,5,0,0,5,5,5,144.5,1,0.5,145,144,144.5,1.81,0.24,0.12,1.93,1.69,1.81,1.5,1,0.5,2,1,1.5,0,0,0,0,0,0,10,0,0,10,10,10,0,0,0,0,0,0,11.5,1,0.5,12,11,11.5,0.5,1,0.5,1,0,0.5,0,0,0,0,0,0,0,0,0,0,0,0,0,0,0,0,0,0,0.5,1,0.5,1,0,0.5,17.9125,3.165,1.5825,19.495,16.33,17.9125,0,0,0,0,0,0,0,0,0,0,0,0,209.5,31,15.5,225,194,209.5,0.13043478,0,0.86956522,0,0,0.014296816,0.007148408,0,-0.59891388,-0.070926993,0.14185399,0.33
2,0.70710678,0.62996052,0.57434918,0.55204476,0.53588673,62.5,29,14.5,77,48,62.5,65,10,5,70,60,65,152.314,79.806,39.903,192.217,112.411,152.314,1666.61,2144.78,1072.39,2739,594.22,1666.61,10.5,3,1.5,12,9,10.5,5.5,1,0.5,6,5,5.5,142.5,3,1.5,144,141,142.5,1.945,0.51,0.255,2.2,1.69,1.945,2,0,0,2,2,2,0,0,0,0,0,0,8.5,3,1.5,10,7,8.5,7,14,7,14,0,7,17.5,11,5.5,23,12,17.5,0,0,0,0,0,0,0,0,0,0,0,0,1.5,3,1.5,3,0,1.5,0,0,0,0,0,0,1.5,3,1.5,3,0,1.5,16.8525,5.285,2.6425,19.495,14.21,16.8525,0,0,0,0,0,0,0,0,0,0,0,0,209.5,31,15.5,225,194,209.5,0.11428571,0,0.48571429,0.4,0,0.062955963,0.031477982,0,-0.2745823,-0.073031928,0.08728206,0.11
2,0.70710678,0.62996052,0.57434918,0.55204476,0.53588673,63,30,15,78,48,63,66.5,7,3.5,70,63,66.5,153.7475,82.673,41.3365,195.084,112.411,153.7475,1317.81,1447.18,723.59,2041.4,594.22,1317.81,11,2,1,12,10,11,5.5,1,0.5,6,5,5.5,140,8,4,144,136,140,1.985,0.59,0.295,2.28,1.69,1.985,1.5,1,0.5,2,1,1.5,0,0,0,0,0,0,9.5,1,0.5,10,9,9.5,7,14,7,14,0,7,18,12,6,24,12,18,0.5,1,0.5,1,0,0.5,0,0,0,0,0,0,0.5,1,0.5,1,0,0.5,0,0,0,0,0,0,1,2,1,2,0,1,17.2575,4.475,2.2375,19.495,15.02,17.2575,0,0,0,0,0,0,0,0,0,0,0,0,209.5,31,15.5,225,194,209.5,0.083333333,0,0.52777778,0.38888889,0,0.083345821,0.041672911,0,-0.40580759,-0.32378412,0.64756824,0.395
2,0.70710678,0.62996052,0.57434918,0.55204476,0.53588673,63.5,31,15.5,79,48,63.5,68,4,2,70,66,68,154.68878,84.555569,42.277784,196.96657,112.411,154.68878,965.775,743.11,371.555,1337.33,594.22,965.775,11.5,1,0.5,12,11,11.5,5.5,1,0.5,6,5,5.5,140,8,4,144,136,140,2.115,0.85,0.425,2.54,1.69,2.115,1.5,1,0.5,2,1,1.5,0,0,0,0,0,0,10,0,0,10,10,10,7,14,7,14,0,7,18.5,13,6.5,25,12,18.5,0.5,1,0.5,1,0,0.5,0,0,0,0,0,0,0,0,0,0,0,0,0,0,0,0,0,0,0.5,1,0.5,1,0,0.5,18.0975,2.795,1.3975,19.495,16.7,18.0975,0,0,0,0,0,0,0,0,0,0,0,0,209.5,31,15.5,225,194,209.5,0.081081081,0,0.54054054,0.37837838,0,0.16525167,0.082625835,0,-0.24086592,-0.18534765,0.3706953,0.03
2,0.70710678,0.62996052,0.57434918,0.55204476,0.53588673,38,22,11,49,27,38,66.5,17,8.5,75,58,66.5,86.875598,55.884805,27.942403,114.818,58.933195,86.875598,1098.875,1338.25,669.125,1768,429.75,1098.875,11,4,2,13,9,11,4.5,1,0.5,5,4,4.5,134,16,8,142,126,134,1.83,0.1,0.05,1.88,1.78,1.83,2,0,0,2,2,2,0.5,1,0.5,1,0,0.5,8.5,3,1.5,10,7,8.5,0,0,0,0,0,0,11,4,2,13,9,11,0,0,0,0,0,0,2.5,5,2.5,5,0,2.5,1.5,3,1.5,3,0,1.5,0,0,0,0,0,0,4,2,1,5,3,4,17.2525,14.015,7.0075,24.26,10.245,17.2525,0,0,0,0,0,0,0.7742356,1.5484712,0.7742356,1.5484712,0,0.7742356,166.5,55,27.5,194,139,166.5,0.18181818,0.045454545,0.77272727,0,0,0.002496878,0.001248439,1,0.82041675,-0.039546639,0.047098486,0.265
2,0.70710678,0.62996052,0.57434918,0.55204476,0.53588673,38.5,21,10.5,49,28,38.5,68,14,7,75,61,68,86.7557,56.1246,28.0623,114.818,58.6934,86.7557,1078.875,1298.25,649.125,1728,429.75,1078.875,11.5,3,1.5,13,10,11.5,4.5,1,0.5,5,4,4.5,133,18,9,142,124,133,1.845,0.13,0.065,1.91,1.78,1.845,2,0,0,2,2,2,0.5,1,0.5,1,0,0.5,9,2,1,10,8,9,0,0,0,0,0,0,11.5,3,1.5,13,10,11.5,0,0,0,0,0,0,2.5,5,2.5,5,0,2.5,1,2,1,2,0,1,0,0,0,0,0,0,3.5,3,1.5,5,2,3.5,17.29,13.94,6.97,24.26,10.32,17.29,0,0,0,0,0,0,0.29769735,0.5953947,0.29769735,0.5953947,0,0.29769735,182,86,43,225,139,182,0.17391304,0.043478261,0.7826087,0,0,0.004216087,0.002108044,1,0.12457029,-0.20511131,0.4090791,0.08
2,0.70710678,0.62996052,0.57434918,0.55204476,0.53588673,39,20,10,49,29,39,69.5,11,5.5,75,64,69.5,89.182,51.272,25.636,114.818,63.546,89.182,893.76,928.02,464.01,1357.77,429.75,893.76,12,2,1,13,11,12,4.5,1,0.5,5,4,4.5,137,10,5,142,132,137,1.84,0.12,0.06,1.9,1.78,1.84,1.5,1,0.5,2,1,1.5,0.5,1,0.5,1,0,0.5,10,0,0,10,10,10,0,0,0,0,0,0,12,2,1,13,11,12,0.5,1,0.5,1,0,0.5,2.5,5,2.5,5,0,2.5,0,0,0,0,0,0,0,0,0,0,0,0,3,4,2,5,1,3,17.665,13.19,6.595,24.26,11.07,17.665,0,0,0,0,0,0,0,0,0,0,0,0,182,86,43,225,139,182,0.125,0.041666667,0.83333333,0,0,0.003593528,0.001796764,1,0.006891069,-0.020687793,0.0306493,0.41
2,0.70710678,0.62996052,0.57434918,0.55204476,0.53588673,47,4,2,49,45,47,67,16,8,75,59,67,108.86175,11.9125,5.95625,114.818,102.9055,108.86175,1333.375,1807.25,903.625,2237,429.75,1333.375,11,4,2,13,9,11,5,0,0,5,5,5,142,0,0,142,142,142,2.03,0.5,0.25,2.28,1.78,2.03,1.5,1,0.5,2,1,1.5,0.5,1,0.5,1,0,0.5,9,2,1,10,8,9,0,0,0,0,0,0,11,4,2,13,9,11,0.5,1,0.5,1,0,0.5,2.5,5,2.5,5,0,2.5,1,2,1,2,0,1,0,0,0,0,0,0,4,2,1,5,3,4,18.95,10.62,5.31,24.26,13.64,18.95,0,0,0,0,0,0,0,0,0,0,0,0,182,86,43,225,139,182,0.13636364,0.045454545,0.81818182,0,0,0.060586937,0.030293469,0.56,-0.12225447,-0.43298471,0.86596942,0.01
2,0.70710678,0.62996052,0.57434918,0.55204476,0.53588673,47.5,3,1.5,49,46,47.5,68.5,13,6.5,75,62,68.5,110.619,8.398,4.199,114.818,106.42,110.619,1128.9,1398.3,699.15,1828.05,429.75,1128.9,11.5,3,1.5,13,10,11.5,5,0,0,5,5,5,140.5,3,1.5,142,139,140.5,1.99,0.42,0.21,2.2,1.78,1.99,1,2,1,2,0,1,0.5,1,0.5,1,0,0.5,10,0,0,10,10,10,0,0,0,0,0,0,11.5,3,1.5,13,10,11.5,0,0,0,0,0,0,2.5,5,2.5,5,0,2.5,0,0,0,0,0,0,0,0,0,0,0,0,2.5,5,2.5,5,0,2.5,19.335,9.85,4.925,24.26,14.41,19.335,0,0,0,0,0,0,0,0,0,0,0,0,182,86,43,225,139,182,0.086956522,0.043478261,0.86956522,0,0,0.043141733,0.021570867,0,-0.23608009,-0.53326277,1.4220341,0.135
2,0.70710678,0.62996052,0.57434918,0.55204476,0.53588673,48,2,1,49,47,48,70,10,5,75,65,70,111.3431,6.9498,3.4749,114.818,107.8682,111.3431,832.34,805.18,402.59,1234.93,429.75,832.34,12,2,1,13,11,12,5,0,0,5,5,5,143.5,3,1.5,145,142,143.5,1.855,0.15,0.075,1.93,1.78,1.855,1.5,1,0.5,2,1,1.5,0.5,1,0.5,1,0,0.5,10,0,0,10,10,10,0,0,0,0,0,0,12,2,1,13,11,12,0.5,1,0.5,1,0,0.5,2.5,5,2.5,5,0,2.5,0,0,0,0,0,0,0,0,0,0,0,0,3,4,2,5,1,3,20.295,7.93,3.965,24.26,16.33,20.295,0,0,0,0,0,0,0,0,0,0,0,0,182,86,43,225,139,182,0.125,0.041666667,0.83333333,0,0,0.005609209,0.002804605,0,-0.13602425,-0.055272807,0.22109123,0.565
2,0.70710678,0.62996052,0.57434918,0.55204476,0.53588673,63,28,14,77,49,63,67.5,15,7.5,75,60,67.5,153.5175,77.399,38.6995,192.217,114.818,153.5175,1584.375,2309.25,1154.625,2739,429.75,1584.375,11,4,2,13,9,11,5.5,1,0.5,6,5,5.5,141.5,1,0.5,142,141,141.5,1.99,0.42,0.21,2.2,1.78,1.99,2,0,0,2,2,2,0.5,1,0.5,1,0,0.5,8.5,3,1.5,10,7,8.5,7,14,7,14,0,7,18,10,5,23,13,18,0,0,0,0,0,0,2.5,5,2.5,5,0,2.5,1.5,3,1.5,3,0,1.5,0,0,0,0,0,0,4,2,1,5,3,4,19.235,10.05,5.025,24.26,14.21,19.235,0,0,0,0,0,0,0,0,0,0,0,0,182,86,43,225,139,182,0.11111111,0.027777778,0.47222222,0.38888889,0,0.043141733,0.021570867,0,-0.41526262,-0.17614049,0.26421074,0.125
2,0.70710678,0.62996052,0.57434918,0.55204476,0.53588673,63.5,29,14.5,78,49,63.5,69,12,6,75,63,69,154.951,80.266,40.133,195.084,114.818,154.951,1235.575,1611.65,805.825,2041.4,429.75,1235.575,11.5,3,1.5,13,10,11.5,5.5,1,0.5,6,5,5.5,139,6,3,142,136,139,2.03,0.5,0.25,2.28,1.78,2.03,1.5,1,0.5,2,1,1.5,0.5,1,0.5,1,0,0.5,9.5,1,0.5,10,9,9.5,7,14,7,14,0,7,18.5,11,5.5,24,13,18.5,0.5,1,0.5,1,0,0.5,2.5,5,2.5,5,0,2.5,0.5,1,0.5,1,0,0.5,0,0,0,0,0,0,3.5,3,1.5,5,2,3.5,19.64,9.24,4.62,24.26,15.02,19.64,0,0,0,0,0,0,0,0,0,0,0,0,182,86,43,225,139,182,0.081081081,0.027027027,0.51351351,0.37837838,0,0.060586937,0.030293469,0.59,-0.22041741,-0.52041095,1.0408219,0.16
2,0.70710678,0.62996052,0.57434918,0.55204476,0.53588673,64,30,15,79,49,64,70.5,9,4.5,75,66,70.5,155.89228,82.148569,41.074285,196.96657,114.818,155.89228,883.54,907.58,453.79,1337.33,429.75,883.54,12,2,1,13,11,12,5.5,1,0.5,6,5,5.5,139,6,3,142,136,139,2.16,0.76,0.38,2.54,1.78,2.16,1.5,1,0.5,2,1,1.5,0.5,1,0.5,1,0,0.5,10,0,0,10,10,10,7,14,7,14,0,7,19,12,6,25,13,19,0.5,1,0.5,1,0,0.5,2.5,5,2.5,5,0,2.5,0,0,0,0,0,0,0,0,0,0,0,0,3,4,2,5,1,3,20.48,7.56,3.78,24.26,16.7,20.48,0,0,0,0,0,0,0,0,0,0,0,0,182,86,43,225,139,182,0.078947368,0.026315789,0.52631579,0.36842105,0,0.13445854,0.067229269,0,-0.15879628,-0.24578684,0.36868026,0.265
2,0.70710678,0.62996052,0.57434918,0.55204476,0.53588673,47.5,5,2.5,50,45,47.5,69.5,21,10.5,80,59,69.5,110.80775,15.8045,7.90225,118.71,102.9055,110.80775,1371.04,1731.92,865.96,2237,505.08,1371.04,11.5,5,2.5,14,9,11.5,5,0,0,5,5,5,140.5,3,1.5,142,139,140.5,2.12,0.32,0.16,2.28,1.96,2.12,1.5,1,0.5,2,1,1.5,1,2,1,2,0,1,9,2,1,10,8,9,0,0,0,0,0,0,11.5,5,2.5,14,9,11.5,0.5,1,0.5,1,0,0.5,2,4,2,4,0,2,1,2,1,2,0,1,0,0,0,0,0,0,3.5,1,0.5,4,3,3.5,23.4625,19.645,9.8225,33.285,13.64,23.4625,0,0,0,0,0,0,0,0,0,0,0,0,183,84,42,225,141,183,0.13043478,0.086956522,0.7826087,0,0,0.025275098,0.012637549,0,-0.21434856,-0.52828821,0.96363082,0.205
2,0.70710678,0.62996052,0.57434918,0.55204476,0.53588673,48,4,2,50,46,48,71,18,9,80,62,71,112.565,12.29,6.145,118.71,106.42,112.565,1166.565,1322.97,661.485,1828.05,505.08,1166.565,12,4,2,14,10,12,5,0,0,5,5,5,139,0,0,139,139,139,2.08,0.24,0.12,2.2,1.96,2.08,1,2,1,2,0,1,1,2,1,2,0,1,10,0,0,10,10,10,0,0,0,0,0,0,12,4,2,14,10,12,0,0,0,0,0,0,2,4,2,4,0,2,0,0,0,0,0,0,0,0,0,0,0,0,2,4,2,4,0,2,23.8475,18.875,9.4375,33.285,14.41,23.8475,0,0,0,0,0,0,0,0,0,0,0,0,183,84,42,225,141,183,0.083333333,0.083333333,0.83333333,0,0,0.014296816,0.007148408,0,-0.21227273,-0.57860787,1.0642701,0.06
2,0.70710678,0.62996052,0.57434918,0.55204476,0.53588673,63.5,27,13.5,77,50,63.5,70,20,10,80,60,70,155.4635,73.507,36.7535,192.217,118.71,155.4635,1622.04,2233.92,1116.96,2739,505.08,1622.04,11.5,5,2.5,14,9,11.5,5.5,1,0.5,6,5,5.5,140,2,1,141,139,140,2.08,0.24,0.12,2.2,1.96,2.08,2,0,0,2,2,2,1,2,1,2,0,1,8.5,3,1.5,10,7,8.5,7,14,7,14,0,7,18.5,9,4.5,23,14,18.5,0,0,0,0,0,0,2,4,2,4,0,2,1.5,3,1.5,3,0,1.5,0,0,0,0,0,0,3.5,1,0.5,4,3,3.5,23.7475,19.075,9.5375,33.285,14.21,23.7475,0,0,0,0,0,0,0,0,0,0,0,0,183,84,42,225,141,183,0.10810811,0.054054054,0.45945946,0.37837838,0,0.014296816,0.007148408,1,0.21450014,-0.351585,0.43443191,0.32
2,0.70710678,0.62996052,0.57434918,0.55204476,0.53588673,64,28,14,78,50,64,71.5,17,8.5,80,63,71.5,156.897,76.374,38.187,195.084,118.71,156.897,1273.24,1536.32,768.16,2041.4,505.08,1273.24,12,4,2,14,10,12,5.5,1,0.5,6,5,5.5,137.5,3,1.5,139,136,137.5,2.12,0.32,0.16,2.28,1.96,2.12,1.5,1,0.5,2,1,1.5,1,2,1,2,0,1,9.5,1,0.5,10,9,9.5,7,14,7,14,0,7,19,10,5,24,14,19,0.5,1,0.5,1,0,0.5,2,4,2,4,0,2,0.5,1,0.5,1,0,0.5,0,0,0,0,0,0,3,2,1,4,2,3,24.1525,18.265,9.1325,33.285,15.02,24.1525,0,0,0,0,0,0,0,0,0,0,0,0,183,84,42,225,141,183,0.078947368,0.052631579,0.5,0.36842105,0,0.025275098,0.012637549,1,0.004567843,-0.62890675,1.1648679,0.035
2,0.70710678,0.62996052,0.57434918,0.55204476,0.53588673,64.5,29,14.5,79,50,64.5,73,14,7,80,66,73,157.83828,78.256569,39.128285,196.96657,118.71,157.83828,921.205,832.25,416.125,1337.33,505.08,921.205,12.5,3,1.5,14,11,12.5,5.5,1,0.5,6,5,5.5,137.5,3,1.5,139,136,137.5,2.25,0.58,0.29,2.54,1.96,2.25,1.5,1,0.5,2,1,1.5,1,2,1,2,0,1,10,0,0,10,10,10,7,14,7,14,0,7,19.5,11,5.5,25,14,19.5,0.5,1,0.5,1,0,0.5,2,4,2,4,0,2,0,0,0,0,0,0,0,0,0,0,0,0,2.5,3,1.5,4,1,2.5,24.9925,16.585,8.2925,33.285,16.7,24.9925,0,0,0,0,0,0,0,0,0,0,0,0,183,84,42,225,141,183,0.076923077,0.051282051,0.51282051,0.35897436,0,0.080660682,0.040330341,1,0.00742876,-0.22961262,0.36627965,0.46
2,0.70710678,0.62996052,0.57434918,0.55204476,0.53588673,48,6,3,51,45,48,72,26,13,85,59,72,112.33275,18.8545,9.42725,121.76,102.9055,112.33275,1570.39,1333.22,666.61,2237,903.78,1570.39,12,6,3,15,9,12,5,0,0,5,5,5,140.5,3,1.5,142,139,140.5,2.165,0.23,0.115,2.28,2.05,2.165,1.5,1,0.5,2,1,1.5,1.5,3,1.5,3,0,1.5,9,2,1,10,8,9,0,0,0,0,0,0,12,6,3,15,9,12,0.5,1,0.5,1,0,0.5,1.5,3,1.5,3,0,1.5,1,2,1,2,0,1,0,0,0,0,0,0,3,0,0,3,3,3,22.6,17.92,8.96,31.56,13.64,22.6,0,0,0,0,0,0,0,0,0,0,0,0,195.5,59,29.5,225,166,195.5,0.125,0.125,0.75,0,1,0.013137934,0.006568967,1,0.2052974,-0.5084036,1.0167877,0.085
2,0.70710678,0.62996052,0.57434918,0.55204476,0.53588673,48.5,5,2.5,51,46,48.5,73.5,23,11.5,85,62,73.5,114.09,15.34,7.67,121.76,106.42,114.09,1365.915,924.27,462.135,1828.05,903.78,1365.915,12.5,5,2.5,15,10,12.5,5,0,0,5,5,5,139,0,0,139,139,139,2.125,0.15,0.075,2.2,2.05,2.125,1,2,1,2,0,1,1.5,3,1.5,3,0,1.5,10,0,0,10,10,10,0,0,0,0,0,0,12.5,5,2.5,15,10,12.5,0,0,0,0,0,0,1.5,3,1.5,3,0,1.5,0,0,0,0,0,0,0,0,0,0,0,0,1.5,3,1.5,3,0,1.5,22.985,17.15,8.575,31.56,14.41,22.985,0,0,0,0,0,0,0,0,0,0,0,0,195.5,59,29.5,225,166,195.5,0.08,0.12,0.8,0,1,0.005609209,0.002804605,1,0.12685453,-0.46788668,1.1112114,0.06
2,0.70710678,0.62996052,0.57434918,0.55204476,0.53588673,64,26,13,77,51,64,72.5,25,12.5,85,60,72.5,156.9885,70.457,35.2285,192.217,121.76,156.9885,1821.39,1835.22,917.61,2739,903.78,1821.39,12,6,3,15,9,12,5.5,1,0.5,6,5,5.5,140,2,1,141,139,140,2.125,0.15,0.075,2.2,2.05,2.125,2,0,0,2,2,2,1.5,3,1.5,3,0,1.5,8.5,3,1.5,10,7,8.5,7,14,7,14,0,7,19,8,4,23,15,19,0,0,0,0,0,0,1.5,3,1.5,3,0,1.5,1.5,3,1.5,3,0,1.5,0,0,0,0,0,0,3,0,0,3,3,3,22.885,17.35,8.675,31.56,14.21,22.885,0,0,0,0,0,0,0,0,0,0,0,0,195.5,59,29.5,225,166,195.5,0.10526316,0.078947368,0.44736842,0.36842105,1,0.005609209,0.002804605,1,0.13611705,-0.38036273,0.57052464,0.2
2,0.70710678,0.62996052,0.57434918,0.55204476,0.53588673,64.5,27,13.5,78,51,64.5,74,22,11,85,63,74,158.422,73.324,36.662,195.084,121.76,158.422,1472.59,1137.62,568.81,2041.4,903.78,1472.59,12.5,5,2.5,15,10,12.5,5.5,1,0.5,6,5,5.5,137.5,3,1.5,139,136,137.5,2.165,0.23,0.115,2.28,2.05,2.165,1.5,1,0.5,2,1,1.5,1.5,3,1.5,3,0,1.5,9.5,1,0.5,10,9,9.5,7,14,7,14,0,7,19.5,9,4.5,24,15,19.5,0.5,1,0.5,1,0,0.5,1.5,3,1.5,3,0,1.5,0.5,1,0.5,1,0,0.5,0,0,0,0,0,0,2.5,1,0.5,3,2,2.5,23.29,16.54,8.27,31.56,15.02,23.29,0,0,0,0,0,0,0,0,0,0,0,0,195.5,59,29.5,225,166,195.5,0.076923077,0.076923077,0.48717949,0.35897436,0,0.013137934,0.006568967,1,0.085621992,-0.48688362,0.73030597,0.085
2,0.70710678,0.62996052,0.57434918,0.55204476,0.53588673,65,28,14,79,51,65,75.5,19,9.5,85,66,75.5,159.36328,75.206569,37.603284,196.96657,121.76,159.36328,1120.555,433.55,216.775,1337.33,903.78,1120.555,13,4,2,15,11,13,5.5,1,0.5,6,5,5.5,137.5,3,1.5,139,136,137.5,2.295,0.49,0.245,2.54,2.05,2.295,1.5,1,0.5,2,1,1.5,1.5,3,1.5,3,0,1.5,10,0,0,10,10,10,7,14,7,14,0,7,20,10,5,25,15,20,0.5,1,0.5,1,0,0.5,1.5,3,1.5,3,0,1.5,0,0,0,0,0,0,0,0,0,0,0,0,2,2,1,3,1,2,24.13,14.86,7.43,31.56,16.7,24.13,0,0,0,0,0,0,0,0,0,0,0,0,195.5,59,29.5,225,166,195.5,0.075,0.075,0.5,0.35,1,0.05825901,0.029129505,1,0.1374897,-0.075240861,0.11284183,0.34
2,0.70710678,0.62996052,0.57434918,0.55204476,0.53588673,48.5,7,3.5,52,45,48.5,74.5,31,15.5,90,59,74.5,115.25275,24.6945,12.34725,127.6,102.9055,115.25275,1479.83,1514.34,757.17,2237,722.66,1479.83,12.5,7,3.5,16,9,12.5,5,0,0,5,5,5,140,4,2,142,138,140,2.19,0.18,0.09,2.28,2.1,2.19,1.5,1,0.5,2,1,1.5,2,4,2,4,0,2,9,2,1,10,8,9,0,0,0,0,0,0,12.5,7,3.5,16,9,12.5,0.5,1,0.5,1,0,0.5,1,2,1,2,0,1,1,2,1,2,0,1,0,0,0,0,0,0,2.5,1,0.5,3,2,2.5,24.201667,21.123333,10.561667,34.763333,13.64,24.201667,0.232,0.464,0.232,0.464,0,0.232,0,0,0,0,0,0,188.5,73,36.5,225,152,188.5,0.12,0.16,0.72,0,0,0.008067283,0.004033642,1,0.45378205,-0.42975374,0.64463061,0.125
2,0.70710678,0.62996052,0.57434918,0.55204476,0.53588673,49,6,3,52,46,49,76,28,14,90,62,76,117.01,21.18,10.59,127.6,106.42,117.01,1275.355,1105.39,552.695,1828.05,722.66,1275.355,13,6,3,16,10,13,5,0,0,5,5,5,138.5,1,0.5,139,138,138.5,2.15,0.1,0.05,2.2,2.1,2.15,1,2,1,2,0,1,2,4,2,4,0,2,10,0,0,10,10,10,0,0,0,0,0,0,13,6,3,16,10,13,0,0,0,0,0,0,1,2,1,2,0,1,0,0,0,0,0,0,0,0,0,0,0,0,1,2,1,2,0,1,24.586667,20.353333,10.176667,34.763333,14.41,24.586667,0.232,0.464,0.232,0.464,0,0.232,0,0,0,0,0,0,188.5,73,36.5,225,152,188.5,0.076923077,0.15384615,0.76923077,0,1,0.002496878,0.001248439,1,0.28700361,-0.39534347,0.98835868,0.02
2,0.70710678,0.62996052,0.57434918,0.55204476,0.53588673,64.5,25,12.5,77,52,64.5,75,30,15,90,60,75,159.9085,64.617,32.3085,192.217,127.6,159.9085,1730.83,2016.34,1008.17,2739,722.66,1730.83,12.5,7,3.5,16,9,12.5,5.5,1,0.5,6,5,5.5,139.5,3,1.5,141,138,139.5,2.15,0.1,0.05,2.2,2.1,2.15,2,0,0,2,2,2,2,4,2,4,0,2,8.5,3,1.5,10,7,8.5,7,14,7,14,0,7,19.5,7,3.5,23,16,19.5,0,0,0,0,0,0,1,2,1,2,0,1,1.5,3,1.5,3,0,1.5,0,0,0,0,0,0,2.5,1,0.5,3,2,2.5,24.486667,20.553333,10.276667,34.763333,14.21,24.486667,0.232,0.464,0.232,0.464,0,0.232,0,0,0,0,0,0,188.5,73,36.5,225,152,188.5,0.1025641,0.1025641,0.43589744,0.35897436,0,0.002496878,0.001248439,1,0.7639461,-0.29343386,0.44015079,0.24
2,0.70710678,0.62996052,0.57434918,0.55204476,0.53588673,65,26,13,78,52,65,76.5,27,13.5,90,63,76.5,161.342,67.484,33.742,195.084,127.6,161.342,1382.03,1318.74,659.37,2041.4,722.66,1382.03,13,6,3,16,10,13,5.5,1,0.5,6,5,5.5,137,2,1,138,136,137,2.19,0.18,0.09,2.28,2.1,2.19,1.5,1,0.5,2,1,1.5,2,4,2,4,0,2,9.5,1,0.5,10,9,9.5,7,14,7,14,0,7,20,8,4,24,16,20,0.5,1,0.5,1,0,0.5,1,2,1,2,0,1,0.5,1,0.5,1,0,0.5,0,0,0,0,0,0,2,0,0,2,2,2,24.891667,19.743333,9.8716667,34.763333,15.02,24.891667,0.232,0.464,0.232,0.464,0,0.232,0,0,0,0,0,0,188.5,73,36.5,225,152,188.5,0.075,0.1,0.475,0.35,1,0.008067283,0.004033642,1,0.3814253,-0.39706389,0.59559583,0.045
2,0.70710678,0.62996052,0.57434918,0.55204476,0.53588673,65.5,27,13.5,79,52,65.5,78,24,12,90,66,78,162.28328,69.366569,34.683285,196.96657,127.6,162.28328,1029.995,614.67,307.335,1337.33,722.66,1029.995,13.5,5,2.5,16,11,13.5,5.5,1,0.5,6,5,5.5,137,2,1,138,136,137,2.32,0.44,0.22,2.54,2.1,2.32,1.5,1,0.5,2,1,1.5,2,4,2,4,0,2,10,0,0,10,10,10,7,14,7,14,0,7,20.5,9,4.5,25,16,20.5,0.5,1,0.5,1,0,0.5,1,2,1,2,0,1,0,0,0,0,0,0,0,0,0,0,0,0,1.5,1,0.5,2,1,1.5,25.731667,18.063333,9.0316667,34.763333,16.7,25.731667,0.232,0.464,0.232,0.464,0,0.232,0,0,0,0,0,0,188.5,73,36.5,225,152,188.5,0.073170732,0.097560976,0.48780488,0.34146341,0,0.04724739,0.023623695,1,0.1806668,-0.10556528,0.21113055,0.38
2,0.70710678,0.62996052,0.57434918,0.55204476,0.53588673,79.5,5,2.5,82,77,79.5,70.5,21,10.5,81,60,70.5,199.7085,14.983,7.4915,207.2,192.217,199.7085,1669.805,2138.39,1069.195,2739,600.61,1669.805,11.5,5,2.5,14,9,11.5,6,0,0,6,6,6,143.5,5,2.5,146,141,143.5,2.265,0.13,0.065,2.33,2.2,2.265,2,0,0,2,2,2,1,2,1,2,0,1,8.5,3,1.5,10,7,8.5,14,0,0,14,14,14,25.5,5,2.5,28,23,25.5,0,0,0,0,0,0,2,4,2,4,0,2,1.5,3,1.5,3,0,1.5,0,0,0,0,0,0,3.5,1,0.5,4,3,3.5,21.16,13.9,6.95,28.11,14.21,21.16,0,0,0,0,0,0,0,0,0,0,0,0,225,0,0,225,225,225,0.078431373,0.039215686,0.33333333,0.54901961,0,0.004216087,0.002108044,1,0.64839733,0,0,0.19
2,0.70710678,0.62996052,0.57434918,0.55204476,0.53588673,80,4,2,82,78,80,72,18,9,81,63,72,201.142,12.116,6.058,207.2,195.084,201.142,1321.005,1440.79,720.395,2041.4,600.61,1321.005,12,4,2,14,10,12,6,0,0,6,6,6,141,10,5,146,136,141,2.305,0.05,0.025,2.33,2.28,2.305,1.5,1,0.5,2,1,1.5,1,2,1,2,0,1,9.5,1,0.5,10,9,9.5,14,0,0,14,14,14,26,4,2,28,24,26,0.5,1,0.5,1,0,0.5,2,4,2,4,0,2,0.5,1,0.5,1,0,0.5,0,0,0,0,0,0,3,2,1,4,2,3,21.565,13.09,6.545,28.11,15.02,21.565,0,0,0,0,0,0,0,0,0,0,0,0,225,0,0,225,225,225,0.057692308,0.038461538,0.36538462,0.53846154,0,0.000624805,0.000312402,1,0.22154535,-0.24063454,0.48126908,0.475
2,0.70710678,0.62996052,0.57434918,0.55204476,0.53588673,62.5,35,17.5,80,45,62.5,65,12,6,71,59,65,151.74775,97.6845,48.84225,200.59,102.9055,151.74775,1235.66,2002.68,1001.34,2237,234.32,1235.66,10.5,3,1.5,12,9,10.5,5.5,1,0.5,6,5,5.5,137,10,5,142,132,137,2.14,0.28,0.14,2.28,2,2.14,1.5,1,0.5,2,1,1.5,0,0,0,0,0,0,9,2,1,10,8,9,7,14,7,14,0,7,17.5,17,8.5,26,9,17.5,0.5,1,0.5,1,0,0.5,0,0,0,0,0,0,1,2,1,2,0,1,0,0,0,0,0,0,1.5,3,1.5,3,0,1.5,19.438793,11.597586,5.7987931,25.237586,13.64,19.438793,0,0,0,0,0,0,0,0,0,0,0,0,195.5,59,29.5,225,166,195.5,0.085714286,0,0.51428571,0.4,0,0.019409169,0.009704584,0,-0.33646307,0,0,0.55
2,0.70710678,0.62996052,0.57434918,0.55204476,0.53588673,63,34,17,80,46,63,66.5,9,4.5,71,62,66.5,153.505,94.17,47.085,200.59,106.42,153.505,1031.185,1593.73,796.865,1828.05,234.32,1031.185,11,2,1,12,10,11,5.5,1,0.5,6,5,5.5,135.5,7,3.5,139,132,135.5,2.1,0.2,0.1,2.2,2,2.1,1,2,1,2,0,1,0,0,0,0,0,0,10,0,0,10,10,10,7,14,7,14,0,7,18,16,8,26,10,18,0,0,0,0,0,0,0,0,0,0,0,0,0,0,0,0,0,0,0,0,0,0,0,0,0,0,0,0,0,0,19.823793,10.827586,5.4137931,25.237586,14.41,19.823793,0,0,0,0,0,0,0,0,0,0,0,0,195.5,59,29.5,225,166,195.5,0.055555556,0,0.55555556,0.38888889,0,0.009950166,0.004975083,0,-0.30680612,-0.14274045,0.34689121,0.695
2,0.70710678,0.62996052,0.57434918,0.55204476,0.53588673,78.5,3,1.5,80,77,78.5,65.5,11,5.5,71,60,65.5,196.4035,8.373,4.1865,200.59,192.217,196.4035,1486.66,2504.68,1252.34,2739,234.32,1486.66,10.5,3,1.5,12,9,10.5,6,0,0,6,6,6,136.5,9,4.5,141,132,136.5,2.1,0.2,0.1,2.2,2,2.1,2,0,0,2,2,2,0,0,0,0,0,0,8.5,3,1.5,10,7,8.5,14,0,0,14,14,14,24.5,3,1.5,26,23,24.5,0,0,0,0,0,0,0,0,0,0,0,0,1.5,3,1.5,3,0,1.5,0,0,0,0,0,0,1.5,3,1.5,3,0,1.5,19.723793,11.027586,5.5137931,25.237586,14.21,19.723793,0,0,0,0,0,0,0,0,0,0,0,0,195.5,59,29.5,225,166,195.5,0.081632653,0,0.34693878,0.57142857,0,0.009950166,0.004975083,0,-0.097452843,0,0,0.435
2,0.70710678,0.62996052,0.57434918,0.55204476,0.53588673,79,2,1,80,78,79,67,8,4,71,63,67,197.837,5.506,2.753,200.59,195.084,197.837,1137.86,1807.08,903.54,2041.4,234.32,1137.86,11,2,1,12,10,11,6,0,0,6,6,6,134,4,2,136,132,134,2.14,0.28,0.14,2.28,2,2.14,1.5,1,0.5,2,1,1.5,0,0,0,0,0,0,9.5,1,0.5,10,9,9.5,14,0,0,14,14,14,25,2,1,26,24,25,0.5,1,0.5,1,0,0.5,0,0,0,0,0,0,0.5,1,0.5,1,0,0.5,0,0,0,0,0,0,1,2,1,2,0,1,20.128793,10.217586,5.1087931,25.237586,15.02,20.128793,0,0,0,0,0,0,0,0,0,0,0,0,195.5,59,29.5,225,166,195.5,0.06,0,0.38,0.56,0,0.019409169,0.009704584,0,-0.066771143,-0.044141,0.11658656,0.72
2,0.70710678,0.62996052,0.57434918,0.55204476,0.53588673,79.5,1,0.5,80,79,79.5,68.5,5,2.5,71,66,68.5,198.77828,3.623431,1.8117155,200.59,196.96657,198.77828,785.825,1103.01,551.505,1337.33,234.32,785.825,11.5,1,0.5,12,11,11.5,6,0,0,6,6,6,134,4,2,136,132,134,2.27,0.54,0.27,2.54,2,2.27,1.5,1,0.5,2,1,1.5,0,0,0,0,0,0,10,0,0,10,10,10,14,0,0,14,14,14,25.5,1,0.5,26,25,25.5,0.5,1,0.5,1,0,0.5,0,0,0,0,0,0,0,0,0,0,0,0,0,0,0,0,0,0,0.5,1,0.5,1,0,0.5,20.968793,8.5375862,4.2687931,25.237586,16.7,20.968793,0,0,0,0,0,0,0,0,0,0,0,0,195.5,59,29.5,225,166,195.5,0.058823529,0,0.39215686,0.54901961,0,0.070306205,0.035153103,0,-0.12051605,0,0,0.295
2,0.70710678,0.62996052,0.57434918,0.55204476,0.53588673,54,54,27,81,27,54,67,18,9,76,58,67,131.65825,145.45011,72.725053,204.3833,58.933195,131.65825,1172.5,1191,595.5,1768,577,1172.5,11,4,2,13,9,11,5,2,1,6,4,5,135.5,19,9.5,145,126,135.5,1.75,0.26,0.13,1.88,1.62,1.75,2,0,0,2,2,2,0.5,1,0.5,1,0,0.5,8.5,3,1.5,10,7,8.5,7,14,7,14,0,7,18,18,9,27,9,18,0,0,0,0,0,0,2.5,5,2.5,5,0,2.5,1.5,3,1.5,3,0,1.5,0,0,0,0,0,0,4,2,1,5,3,4,18.5775,16.665,8.3325,26.91,10.245,18.5775,0,0,0,0,0,0,0.7742356,1.5484712,0.7742356,1.5484712,0,0.7742356,194,0,0,194,194,194,0.11111111,0.027777778,0.47222222,0.38888889,0,0.016757996,0.008378998,1,0.33459031,0,0,0.16
2,0.70710678,0.62996052,0.57434918,0.55204476,0.53588673,54.5,53,26.5,81,28,54.5,68.5,15,7.5,76,61,68.5,131.53835,145.6899,72.84495,204.3833,58.6934,131.53835,1152.5,1151,575.5,1728,577,1152.5,11.5,3,1.5,13,10,11.5,5,2,1,6,4,5,134.5,21,10.5,145,124,134.5,1.765,0.29,0.145,1.91,1.62,1.765,2,0,0,2,2,2,0.5,1,0.5,1,0,0.5,9,2,1,10,8,9,7,14,7,14,0,7,18.5,17,8.5,27,10,18.5,0,0,0,0,0,0,2.5,5,2.5,5,0,2.5,1,2,1,2,0,1,0,0,0,0,0,0,3.5,3,1.5,5,2,3.5,18.615,16.59,8.295,26.91,10.32,18.615,0,0,0,0,0,0,0.29769735,0.5953947,0.29769735,0.5953947,0,0.29769735,209.5,31,15.5,225,194,209.5,0.10810811,0.027027027,0.48648649,0.37837838,0,0.020805516,0.010402758,1,0.16603685,0,0,0.505
2,0.70710678,0.62996052,0.57434918,0.55204476,0.53588673,55,52,26,81,29,55,70,12,6,76,64,70,133.96465,140.8373,70.41865,204.3833,63.546,133.96465,967.385,780.77,390.385,1357.77,577,967.385,12,2,1,13,11,12,5,2,1,6,4,5,138.5,13,6.5,145,132,138.5,1.76,0.28,0.14,1.9,1.62,1.76,1.5,1,0.5,2,1,1.5,0.5,1,0.5,1,0,0.5,10,0,0,10,10,10,7,14,7,14,0,7,19,16,8,27,11,19,0.5,1,0.5,1,0,0.5,2.5,5,2.5,5,0,2.5,0,0,0,0,0,0,0,0,0,0,0,0,3,4,2,5,1,3,18.99,15.84,7.92,26.91,11.07,18.99,0,0,0,0,0,0,0,0,0,0,0,0,209.5,31,15.5,225,194,209.5,0.078947368,0.026315789,0.52631579,0.36842105,0,0.019409169,0.009704584,1,0.12179074,0,0,0.015
2,0.70710678,0.62996052,0.57434918,0.55204476,0.53588673,63,36,18,81,45,63,67.5,17,8.5,76,59,67.5,153.6444,101.4778,50.7389,204.3833,102.9055,153.6444,1407,1660,830,2237,577,1407,11,4,2,13,9,11,5.5,1,0.5,6,5,5.5,143.5,3,1.5,145,142,143.5,1.95,0.66,0.33,2.28,1.62,1.95,1.5,1,0.5,2,1,1.5,0.5,1,0.5,1,0,0.5,9,2,1,10,8,9,7,14,7,14,0,7,18,18,9,27,9,18,0.5,1,0.5,1,0,0.5,2.5,5,2.5,5,0,2.5,1,2,1,2,0,1,0,0,0,0,0,0,4,2,1,5,3,4,20.275,13.27,6.635,26.91,13.64,20.275,0,0,0,0,0,0,0,0,0,0,0,0,209.5,31,15.5,225,194,209.5,0.083333333,0.027777778,0.5,0.38888889,0,0.1031799,0.051589952,0,-0.046784058,0,0,0.415
2,0.70710678,0.62996052,0.57434918,0.55204476,0.53588673,63.5,35,17.5,81,46,63.5,69,14,7,76,62,69,155.40165,97.9633,48.98165,204.3833,106.42,155.40165,1202.525,1251.05,625.525,1828.05,577,1202.525,11.5,3,1.5,13,10,11.5,5.5,1,0.5,6,5,5.5,142,6,3,145,139,142,1.91,0.58,0.29,2.2,1.62,1.91,1,2,1,2,0,1,0.5,1,0.5,1,0,0.5,10,0,0,10,10,10,7,14,7,14,0,7,18.5,17,8.5,27,10,18.5,0,0,0,0,0,0,2.5,5,2.5,5,0,2.5,0,0,0,0,0,0,0,0,0,0,0,0,2.5,5,2.5,5,0,2.5,20.66,12.5,6.25,26.91,14.41,20.66,0,0,0,0,0,0,0,0,0,0,0,0,209.5,31,15.5,225,194,209.5,0.054054054,0.027027027,0.54054054,0.37837838,0,0.080660682,0.040330341,0,-0.18910117,-0.24511259,0.61278148,0.56
2,0.70710678,0.62996052,0.57434918,0.55204476,0.53588673,64,34,17,81,47,64,70.5,11,5.5,76,65,70.5,156.12575,96.5151,48.25755,204.3833,107.8682,156.12575,905.965,657.93,328.965,1234.93,577,905.965,12,2,1,13,11,12,5.5,1,0.5,6,5,5.5,145,0,0,145,145,145,1.775,0.31,0.155,1.93,1.62,1.775,1.5,1,0.5,2,1,1.5,0.5,1,0.5,1,0,0.5,10,0,0,10,10,10,7,14,7,14,0,7,19,16,8,27,11,19,0.5,1,0.5,1,0,0.5,2.5,5,2.5,5,0,2.5,0,0,0,0,0,0,0,0,0,0,0,0,3,4,2,5,1,3,21.62,10.58,5.29,26.91,16.33,21.62,0,0,0,0,0,0,0,0,0,0,0,0,209.5,31,15.5,225,194,209.5,0.078947368,0.026315789,0.52631579,0.36842105,0,0.023738697,0.011869349,0,-0.033884387,0,0,0.14
2,0.70710678,0.62996052,0.57434918,0.55204476,0.53588673,79,4,2,81,77,79,68,16,8,76,60,68,198.30015,12.1663,6.08315,204.3833,192.217,198.30015,1658,2162,1081,2739,577,1658,11,4,2,13,9,11,6,0,0,6,6,6,143,4,2,145,141,143,1.91,0.58,0.29,2.2,1.62,1.91,2,0,0,2,2,2,0.5,1,0.5,1,0,0.5,8.5,3,1.5,10,7,8.5,14,0,0,14,14,14,25,4,2,27,23,25,0,0,0,0,0,0,2.5,5,2.5,5,0,2.5,1.5,3,1.5,3,0,1.5,0,0,0,0,0,0,4,2,1,5,3,4,20.56,12.7,6.35,26.91,14.21,20.56,0,0,0,0,0,0,0,0,0,0,0,0,209.5,31,15.5,225,194,209.5,0.08,0.02,0.34,0.56,0,0.080660682,0.040330341,1,0.29682084,0,0,0.3
2,0.70710678,0.62996052,0.57434918,0.55204476,0.53588673,79.5,3,1.5,81,78,79.5,69.5,13,6.5,76,63,69.5,199.73365,9.2993,4.64965,204.3833,195.084,199.73365,1309.2,1464.4,732.2,2041.4,577,1309.2,11.5,3,1.5,13,10,11.5,6,0,0,6,6,6,140.5,9,4.5,145,136,140.5,1.95,0.66,0.33,2.28,1.62,1.95,1.5,1,0.5,2,1,1.5,0.5,1,0.5,1,0,0.5,9.5,1,0.5,10,9,9.5,14,0,0,14,14,14,25.5,3,1.5,27,24,25.5,0.5,1,0.5,1,0,0.5,2.5,5,2.5,5,0,2.5,0.5,1,0.5,1,0,0.5,0,0,0,0,0,0,3.5,3,1.5,5,2,3.5,20.965,11.89,5.945,26.91,15.02,20.965,0,0,0,0,0,0,0,0,0,0,0,0,209.5,31,15.5,225,194,209.5,0.058823529,0.019607843,0.37254902,0.54901961,0,0.1031799,0.051589952,1,0.036670978,-0.12527655,0.2505531,0.585
2,0.70710678,0.62996052,0.57434918,0.55204476,0.53588673,80,2,1,81,79,80,71,10,5,76,66,71,200.67493,7.416731,3.7083655,204.3833,196.96657,200.67493,957.165,760.33,380.165,1337.33,577,957.165,12,2,1,13,11,12,6,0,0,6,6,6,140.5,9,4.5,145,136,140.5,2.08,0.92,0.46,2.54,1.62,2.08,1.5,1,0.5,2,1,1.5,0.5,1,0.5,1,0,0.5,10,0,0,10,10,10,14,0,0,14,14,14,26,2,1,27,25,26,0.5,1,0.5,1,0,0.5,2.5,5,2.5,5,0,2.5,0,0,0,0,0,0,0,0,0,0,0,0,3,4,2,5,1,3,21.805,10.21,5.105,26.91,16.7,21.805,0,0,0,0,0,0,0,0,0,0,0,0,209.5,31,15.5,225,194,209.5,0.057692308,0.019230769,0.38461538,0.53846154,0,0.19071165,0.095355826,1,0.012679695,-0.05511809,0.082677135,0.16
2,0.70710678,0.62996052,0.57434918,0.55204476,0.53588673,80.5,3,1.5,82,79,80.5,73.5,15,7.5,81,66,73.5,202.08328,10.233431,5.1167155,207.2,196.96657,202.08328,968.97,736.72,368.36,1337.33,600.61,968.97,12.5,3,1.5,14,11,12.5,6,0,0,6,6,6,141,10,5,146,136,141,2.435,0.21,0.105,2.54,2.33,2.435,1.5,1,0.5,2,1,1.5,1,2,1,2,0,1,10,0,0,10,10,10,14,0,0,14,14,14,26.5,3,1.5,28,25,26.5,0.5,1,0.5,1,0,0.5,2,4,2,4,0,2,0,0,0,0,0,0,0,0,0,0,0,0,2.5,3,1.5,4,1,2.5,22.405,11.41,5.705,28.11,16.7,22.405,0,0,0,0,0,0,0,0,0,0,0,0,225,0,0,225,225,225,0.056603774,0.037735849,0.37735849,0.52830189,0,0.010964447,0.005482224,1,0.016619517,-0.09939528,0.19879056,0.05
2,0.70710678,0.62996052,0.57434918,0.55204476,0.53588673,64,38,19,83,45,64,72.5,27,13.5,86,59,72.5,155.94295,106.0749,53.03745,208.9804,102.9055,155.94295,1390.7,1692.6,846.3,2237,544.4,1390.7,12,6,3,15,9,12,5.5,1,0.5,6,5,5.5,145,6,3,148,142,145,2.15,0.26,0.13,2.28,2.02,2.15,1.5,1,0.5,2,1,1.5,1.5,3,1.5,3,0,1.5,9,2,1,10,8,9,7,14,7,14,0,7,19,20,10,29,9,19,0.5,1,0.5,1,0,0.5,1.5,3,1.5,3,0,1.5,1,2,1,2,0,1,0,0,0,0,0,0,3,0,0,3,3,3,23.295,19.31,9.655,32.95,13.64,23.295,0,0,0,0,0,0,0,0,0,0,0,0,118.5,213,106.5,225,12,118.5,0.078947368,0.078947368,0.47368421,0.36842105,0,0.016757996,0.008378998,1,0.32216537,-0.20505558,0.30758337,0.245
2,0.70710678,0.62996052,0.57434918,0.55204476,0.53588673,64.5,37,18.5,83,46,64.5,74,24,12,86,62,74,157.7002,102.5604,51.2802,208.9804,106.42,157.7002,1186.225,1283.65,641.825,1828.05,544.4,1186.225,12.5,5,2.5,15,10,12.5,5.5,1,0.5,6,5,5.5,143.5,9,4.5,148,139,143.5,2.11,0.18,0.09,2.2,2.02,2.11,1,2,1,2,0,1,1.5,3,1.5,3,0,1.5,10,0,0,10,10,10,7,14,7,14,0,7,19.5,19,9.5,29,10,19.5,0,0,0,0,0,0,1.5,3,1.5,3,0,1.5,0,0,0,0,0,0,0,0,0,0,0,0,1.5,3,1.5,3,0,1.5,23.68,18.54,9.27,32.95,14.41,23.68,0,0,0,0,0,0,0,0,0,0,0,0,118.5,213,106.5,225,12,118.5,0.051282051,0.076923077,0.51282051,0.35897436,0,0.008067283,0.004033642,1,0.1930981,-0.325397,0.650794,0.39
2,0.70710678,0.62996052,0.57434918,0.55204476,0.53588673,80,6,3,83,77,80,73,26,13,86,60,73,200.5987,16.7634,8.3817,208.9804,192.217,200.5987,1641.7,2194.6,1097.3,2739,544.4,1641.7,12,6,3,15,9,12,6,0,0,6,6,6,144.5,7,3.5,148,141,144.5,2.11,0.18,0.09,2.2,2.02,2.11,2,0,0,2,2,2,1.5,3,1.5,3,0,1.5,8.5,3,1.5,10,7,8.5,14,0,0,14,14,14,26,6,3,29,23,26,0,0,0,0,0,0,1.5,3,1.5,3,0,1.5,1.5,3,1.5,3,0,1.5,0,0,0,0,0,0,3,0,0,3,3,3,23.58,18.74,9.37,32.95,14.21,23.58,0,0,0,0,0,0,0,0,0,0,0,0,118.5,213,106.5,225,12,118.5,0.076923077,0.057692308,0.32692308,0.53846154,0,0.008067283,0.004033642,1,0.86096228,-0.029599025,0.044398538,0.13
2,0.70710678,0.62996052,0.57434918,0.55204476,0.53588673,80.5,5,2.5,83,78,80.5,74.5,23,11.5,86,63,74.5,202.0322,13.8964,6.9482,208.9804,195.084,202.0322,1292.9,1497,748.5,2041.4,544.4,1292.9,12.5,5,2.5,15,10,12.5,6,0,0,6,6,6,142,12,6,148,136,142,2.15,0.26,0.13,2.28,2.02,2.15,1.5,1,0.5,2,1,1.5,1.5,3,1.5,3,0,1.5,9.5,1,0.5,10,9,9.5,14,0,0,14,14,14,26.5,5,2.5,29,24,26.5,0.5,1,0.5,1,0,0.5,1.5,3,1.5,3,0,1.5,0.5,1,0.5,1,0,0.5,0,0,0,0,0,0,2.5,1,0.5,3,2,2.5,23.985,17.93,8.965,32.95,15.02,23.985,0,0,0,0,0,0,0,0,0,0,0,0,118.5,213,106.5,225,12,118.5,0.056603774,0.056603774,0.35849057,0.52830189,0,0.016757996,0.008378998,1,0.279665,-0.2897669,0.57953379,0.415
2,0.70710678,0.62996052,0.57434918,0.55204476,0.53588673,81,4,2,83,79,81,76,20,10,86,66,76,202.97348,12.013831,6.0069155,208.9804,196.96657,202.97348,940.865,792.93,396.465,1337.33,544.4,940.865,13,4,2,15,11,13,6,0,0,6,6,6,142,12,6,148,136,142,2.28,0.52,0.26,2.54,2.02,2.28,1.5,1,0.5,2,1,1.5,1.5,3,1.5,3,0,1.5,10,0,0,10,10,10,14,0,0,14,14,14,27,4,2,29,25,27,0.5,1,0.5,1,0,0.5,1.5,3,1.5,3,0,1.5,0,0,0,0,0,0,0,0,0,0,0,0,2,2,1,3,1,2,24.825,16.25,8.125,32.95,16.7,24.825,0,0,0,0,0,0,0,0,0,0,0,0,118.5,213,106.5,225,12,118.5,0.055555556,0.055555556,0.37037037,0.51851852,0,0.065365747,0.032682874,1,0.13722081,-0.07084473,0.14168946,0.01
